insert into public.period (start_date, end_date, bills_created, invoices_created, status)
values (now(), null, false, false, 'ACTIVE')
on conflict do nothing;

INSERT INTO public.users (rut, birth_date, email, enabled, last_name, middle_name, names, password, last_login, role)
VALUES ('152943849', null, 'elizabetgomezapr@gmail.com', true, 'Gomez', 'Ñanco', 'Elizabeth del Carmen',
        '$2a$10$rjLYp3olWwQ7EZ6Iyq6frervk/zXMd66pnjKd1n7ZkBxJDeVndtgy', '2021-11-19 14:08:38.243000', 3),
       ('102297601', null, 'aldomarcelogallardoapr@gmail.com', true, 'Gallardo', 'Antilaf', 'Marcelo',
        '$2a$10$.s7FUjy5qbLtN8zoBFmX3Oo1d./RAsgeUnUULR2K7L9KHp8axQ.Ya', '2021-11-26 16:44:13.450000', 1),
       ('130856101', null, 'patricio.acum@gmail.com', true, 'Acym', 'Salinas', 'Patricio',
        '$2a$10$xqVXDSA49bbFXycN.HGJH.468JfeXz6WAjkMj.ibtJPUh7s53/unW', '2022-01-21 17:52:58.910000', 4),
       ('140812269', null, 'omar.fdo.gomez@gmail.com', true, 'Gómez', 'Gómez', 'Omar Fernando',
        '$2a$10$AF.ih5uT/OC4y.s19iCyDO3NKtqv5FxxHwuyZStrvCH9q.zdCe4u.', '2022-02-02 04:19:35.012000', 4);

insert into public.tariffs(client_type, cubic_meter, diameter, flat_fee, last_update) values
('PRIVATE', 0, 'TWENTY_FIVE', 0, now()),
('PRIVATE', 0, 'NINETEEN', 0, now()),
('PRIVATE', 0, 'THIRTY_EIGHT', 0, now()),
('PRIVATE', 400, 'NINETEEN', 800, now()),
('PUBLIC', 0, 'TWENTY_FIVE', 0, now()),
('PUBLIC', 0, 'NINETEEN', 0, now()),
('PUBLIC', 0, 'THIRTY_EIGHT', 0, now()),
('PUBLIC', 400, 'THIRTEEN', 800, now()),
('PARTNER', 0, 'TWENTY_FIVE', 0, now()),
('PARTNER', 0, 'THIRTY_EIGHT', 0, now()),
('PARTNER', 50, 'NINETEEN', 300, now()),
('PARTNER', 12, 'THIRTEEN', 500, now());

INSERT INTO public.client (rut, birth_date, email, enabled, last_name, middle_name, names, password, business_activity,
                           business_name, client_type, date_of_admission, profession, telephone, subsidy_id, full_name)
VALUES ('67024427', null, null, true, '', '', 'OSVALDO SANCHEZ MARCOS', null, '', '', 'PARTNER', null, null, null, null,
        'OSVALDO SANCHEZ MARCOS'),
       ('138468666', null, null, true, '', '', 'PAMELA URRUTIA OVALLE', null, '', '', 'PARTNER', null, null, null, null,
        'PAMELA URRUTIA OVALLE'),
       ('108708026', null, null, true, '', '', 'SONIA CRESPO ASTUDILLO', null, '', '', 'PARTNER', null, null, null,
        null, 'SONIA CRESPO ASTUDILLO'),
       ('106415927', null, null, true, '', '', 'DAVID CARRASCO ZALAZAR', null, '', '', 'PARTNER', null, null, null,
        null, 'DAVID CARRASCO ZALAZAR'),
       ('100197391', null, null, true, '', '', 'BENJAMIN PEREDA PEÑA', null, '', '', 'PARTNER', null, null, null, null,
        'BENJAMIN PEREDA PEÑA'),
       ('9135666K', null, null, true, '', '', 'CAMILO MUÑOZ OBANDO', null, '', '', 'PARTNER', null, null, null, null,
        'CAMILO MUÑOZ OBANDO'),
       ('79961167', null, null, true, '', '', 'GRACIELA ORDOÑEZ HIDALGO ', null, '', '', 'PARTNER', null, null, null,
        null, 'GRACIELA ORDOÑEZ HIDALGO '),
       ('89168449', null, null, true, '', '', 'CLAUDIO IBAÑEZ SEPULVEDA', null, '', '', 'PARTNER', null, null, null,
        null, 'CLAUDIO IBAÑEZ SEPULVEDA'),
       ('53541909', null, null, true, '', '', 'LEONOR JERIA CONTRERAS', null, '', '', 'PARTNER', null, null, null, null,
        'LEONOR JERIA CONTRERAS'),
       ('47409616', null, null, true, '', '', 'EDUARDO HERNANDEZ BARRIENTOS', null, '', '', 'PARTNER', null, null, null,
        null, 'EDUARDO HERNANDEZ BARRIENTOS'),
       ('36619589', null, null, true, '', '', 'ARNOLDO ROA GARRIDO', null, '', '', 'PARTNER', null, null, null, null,
        'ARNOLDO ROA GARRIDO'),
       ('9439693K', null, null, true, '', '', 'MARIA ACEVEDO OJEDA', null, '', '', 'PARTNER', null, null, null, null,
        'MARIA ACEVEDO OJEDA'),
       ('77034358', null, null, true, '', '', 'ARTURO PULGAR ROJAS', null, '', '', 'PARTNER', null, null, null, null,
        'ARTURO PULGAR ROJAS'),
       ('91089904', null, null, true, '', '', 'RODRIGO CARCAMO PANGUI', null, '', '', 'PARTNER', null, null, null, null,
        'RODRIGO CARCAMO PANGUI'),
       ('86814137', null, null, true, '', '', 'ROGER MORALES PEREZ', null, '', '', 'PARTNER', null, null, null, null,
        'ROGER MORALES PEREZ'),
       ('35423869', null, null, true, '', '', 'LIDIA BARRIENTOS ANTILAF', null, '', '', 'PARTNER', null, null, null,
        null, 'LIDIA BARRIENTOS ANTILAF'),
       ('44037009', null, null, true, '', '', 'OSCAR RETAMAL ANTILAF', null, '', '', 'PARTNER', null, null, null, null,
        'OSCAR RETAMAL ANTILAF'),
       ('97250944', null, null, true, '', '', 'MARLENE ILLESCA CORTES', null, '', '', 'PARTNER', null, null, null, null,
        'MARLENE ILLESCA CORTES'),
       ('110638558', null, null, true, '', '', 'LEONOR ROJAS QUEZADA', null, '', '', 'PARTNER', null, null, null, null,
        'LEONOR ROJAS QUEZADA'),
       ('61283463', null, null, true, '', '', 'ROBERTO AMIGO MOYA', null, '', '', 'PARTNER', null, null, null, null,
        'ROBERTO AMIGO MOYA'),
       ('76578508', null, null, true, '', '', 'JOSE VERA ALVARADO', null, '', '', 'PARTNER', null, null, null, null,
        'JOSE VERA ALVARADO'),
       ('92612015', null, null, true, '', '', 'ERIC YHON VILLANUEVA', null, '', '', 'PARTNER', null, null, null, null,
        'ERIC YHON VILLANUEVA'),
       ('89770769', null, null, true, '', '', 'FRANCISCO SOLIS BARRIENTOS', null, '', '', 'PARTNER', null, null, null,
        null, 'FRANCISCO SOLIS BARRIENTOS'),
       ('52980046', null, null, true, '', '', 'NELSON BARRIA SALAZAR', null, '', '', 'PARTNER', null, null, null, null,
        'NELSON BARRIA SALAZAR'),
       ('103586569', null, null, true, '', '', 'LUIS DIAZ BARRIENTOS', null, '', '', 'PARTNER', null, null, null, null,
        'LUIS DIAZ BARRIENTOS'),
       ('37603546', null, null, true, '', '', 'EFRAIN DE LA TORRE', null, '', '', 'PARTNER', null, null, null, null,
        'EFRAIN DE LA TORRE'),
       ('107572538', null, null, true, '', '', 'ALEJANDRO LOPEZ BARRIENTOS', null, '', '', 'PARTNER', null, null, null,
        null, 'ALEJANDRO LOPEZ BARRIENTOS'),
       ('90613545', null, null, true, '', '', 'NELLY DELGADO MARTINEZ', null, '', '', 'PARTNER', null, null, null, null,
        'NELLY DELGADO MARTINEZ'),
       ('24842711', null, null, true, '', '', 'HARNOLDO RIOS PAREDES', null, '', '', 'PARTNER', null, null, null, null,
        'HARNOLDO RIOS PAREDES'),
       ('94163269', null, null, true, '', '', 'MARIA EUGENIA MATUS RODRIGUEZ', null, '', '', 'PARTNER', null, null,
        null, null, 'MARIA EUGENIA MATUS RODRIGUEZ'),
       ('65321998', null, null, true, '', '', 'HELMUTT WILHELM QUINCHO', null, '', '', 'PARTNER', null, null, null,
        null, 'HELMUTT WILHELM QUINCHO'),
       ('43992376', null, null, true, '', '', 'ADOLFO MONTIEL MANCILLA', null, '', '', 'PARTNER', null, null, null,
        null, 'ADOLFO MONTIEL MANCILLA'),
       ('54995202', null, null, true, '', '', 'ALIRO VENTURELLI LEONELY', null, '', '', 'PARTNER', null, null, null,
        null, 'ALIRO VENTURELLI LEONELY'),
       ('59163981', null, null, true, '', '', 'VICTOR LOPEZ GALLARDO', null, '', '', 'PARTNER', null, null, null, null,
        'VICTOR LOPEZ GALLARDO'),
       ('40633634', null, null, true, '', '', 'OSVALDO BURGOS MONSALVE', null, '', '', 'PARTNER', null, null, null,
        null, 'OSVALDO BURGOS MONSALVE'),
       ('44975548', null, null, true, '', '', 'ENRIQUE MONRAS OJEDA', null, '', '', 'PARTNER', null, null, null, null,
        'ENRIQUE MONRAS OJEDA'),
       ('66369404', null, null, true, '', '', 'ARIEL VELASQUEZ HERNANDEZ', null, '', '', 'PARTNER', null, null, null,
        null, 'ARIEL VELASQUEZ HERNANDEZ'),
       ('73247829', null, null, true, '', '', 'REINALDO RAMOS CISTERNA', null, '', '', 'PARTNER', null, null, null,
        null, 'REINALDO RAMOS CISTERNA'),
       ('59196707', null, null, true, '', '', 'JOSE ALEGRIA TORRES', null, '', '', 'PARTNER', null, null, null, null,
        'JOSE ALEGRIA TORRES'),
       ('49614772', null, null, true, '', '', 'AMADA GUTIERREZ MUÑOZ', null, '', '', 'PARTNER', null, null, null, null,
        'AMADA GUTIERREZ MUÑOZ'),
       ('129952695', null, null, true, '', '', 'ALEJANDRO PLAZA BREVIL', null, '', '', 'PARTNER', null, null, null,
        null, 'ALEJANDRO PLAZA BREVIL'),
       ('64040502', null, null, true, '', '', 'AGUSTIN SOTO CARDENAS', null, '', '', 'PARTNER', null, null, null, null,
        'AGUSTIN SOTO CARDENAS'),
       ('143845893', null, null, true, '', '', 'FABIOLA ORTIZ CANALEZ', null, '', '', 'PARTNER', null, null, null, null,
        'FABIOLA ORTIZ CANALEZ'),
       ('68598494', null, null, true, '', '', 'ELIZABETH GUTIERREZ PACHECO', null, '', '', 'PARTNER', null, null, null,
        null, 'ELIZABETH GUTIERREZ PACHECO'),
       ('33850352', null, null, true, '', '', 'HERMINIO ÑANCO ÑANCO', null, '', '', 'PARTNER', null, null, null, null,
        'HERMINIO ÑANCO ÑANCO'),
       ('109546186', null, null, true, '', '', 'CLAUDIA GONZALEZ MONTOYA', null, '', '', 'PARTNER', null, null, null,
        null, 'CLAUDIA GONZALEZ MONTOYA'),
       ('55532281', null, null, true, '', '', 'JORGE BARRERA  CANTOS', null, '', '', 'PARTNER', null, null, null, null,
        'JORGE BARRERA  CANTOS'),
       ('71573966', null, null, true, '', '', 'CARMEN CASTILLO PEREZ', null, '', '', 'PARTNER', null, null, null, null,
        'CARMEN CASTILLO PEREZ'),
       ('63275794', null, null, true, '', '', 'LILIAN AREVALOS FRIAS', null, '', '', 'PARTNER', null, null, null, null,
        'LILIAN AREVALOS FRIAS'),
       ('87914844', null, null, true, '', '', 'JORGE MUÑOZ FUENTES', null, '', '', 'PARTNER', null, null, null, null,
        'JORGE MUÑOZ FUENTES'),
       ('117099326', null, null, true, '', '', 'LORENA FOIZCH ASCENCIO', null, '', '', 'PARTNER', null, null, null,
        null, 'LORENA FOIZCH ASCENCIO'),
       ('109241237', null, null, true, '', '', 'INGRID SAGREDO HERNANDEZ', null, '', '', 'PARTNER', null, null, null,
        null, 'INGRID SAGREDO HERNANDEZ'),
       ('141570692', null, null, true, '', '', 'KATHERINE BUSTOS ROJAS', null, '', '', 'PARTNER', null, null, null,
        null, 'KATHERINE BUSTOS ROJAS'),
       ('115907301', null, null, true, '', '', 'BENEDICTO REINANTE HERNANDEZ', null, '', '', 'PARTNER', null, null,
        null, null, 'BENEDICTO REINANTE HERNANDEZ'),
       ('89387973', null, null, true, '', '', 'MARIANY PINEDA UCHAL', null, '', '', 'PARTNER', null, null, null, null,
        'MARIANY PINEDA UCHAL'),
       ('74694853', null, null, true, '', '', 'JUAN MANQUEL CUMIAN', null, '', '', 'PARTNER', null, null, null, null,
        'JUAN MANQUEL CUMIAN'),
       ('91693887', null, null, true, '', '', 'EULALIA ANCAO PAILLALEF', null, '', '', 'PARTNER', null, null, null,
        null, 'EULALIA ANCAO PAILLALEF'),
       ('127470308', null, null, true, '', '', 'NURI ANCAO PAILLALEF', null, '', '', 'PARTNER', null, null, null, null,
        'NURI ANCAO PAILLALEF'),
       ('92211878', null, null, true, '', '', 'RODRIGO ALARCON BARTOLOTTI', null, '', '', 'PARTNER', null, null, null,
        null, 'RODRIGO ALARCON BARTOLOTTI'),
       ('83212446', null, null, true, '', '', 'JOAQUIN ÑANCO ÑANCO', null, '', '', 'PARTNER', null, null, null, null,
        'JOAQUIN ÑANCO ÑANCO'),
       ('4945922K', null, null, true, '', '', 'INES ALVAREZ TOLEDO', null, '', '', 'PARTNER', null, null, null, null,
        'INES ALVAREZ TOLEDO'),
       ('70678691', null, null, true, '', '', 'ISAAC LEIVA PINUER', null, '', '', 'PARTNER', null, null, null, null,
        'ISAAC LEIVA PINUER'),
       ('51148975', null, null, true, '', '', 'JUANA URIBE GFELL', null, '', '', 'PARTNER', null, null, null, null,
        'JUANA URIBE GFELL'),
       ('81595984', null, null, true, '', '', 'IVAN RIVERA GARRIDO', null, '', '', 'PARTNER', null, null, null, null,
        'IVAN RIVERA GARRIDO'),
       ('124312418', null, null, true, '', '', 'JUAN POVEDA MANCILLA', null, '', '', 'PARTNER', null, null, null, null,
        'JUAN POVEDA MANCILLA'),
       ('481600367', null, null, true, '', '', 'GLYN BAKER', null, '', '', 'PARTNER', null, null, null, null,
        'GLYN BAKER'),
       ('155230169', null, null, true, '', '', 'PATRICIO CACERES PEREZ', null, '', '', 'PARTNER', null, null, null,
        null, 'PATRICIO CACERES PEREZ'),
       ('83055847', null, null, true, '', '', 'JUANA HIDALGO FUENTES', null, '', '', 'PARTNER', null, null, null, null,
        'JUANA HIDALGO FUENTES'),
       ('46445074', null, null, true, '', '', 'BELISARIO CARCAMO QUINTERO', null, '', '', 'PARTNER', null, null, null,
        null, 'BELISARIO CARCAMO QUINTERO'),
       ('39309548', null, null, true, '', '', 'MERCEDES NUÑEZ MUÑOZ', null, '', '', 'PARTNER', null, null, null, null,
        'MERCEDES NUÑEZ MUÑOZ'),
       ('87515958', null, null, true, '', '', 'DAVID LEAL HERNANDEZ', null, '', '', 'PARTNER', null, null, null, null,
        'DAVID LEAL HERNANDEZ'),
       ('100828782', null, null, true, '', '', 'NANCY CORREA CARDENAS', null, '', '', 'PARTNER', null, null, null, null,
        'NANCY CORREA CARDENAS'),
       ('115924656', null, null, true, '', '', 'JIMMY OLEARTE OBANDO', null, '', '', 'PARTNER', null, null, null, null,
        'JIMMY OLEARTE OBANDO'),
       ('40326839', null, null, true, '', '', 'GUICELA AVILA SOTO', null, '', '', 'PARTNER', null, null, null, null,
        'GUICELA AVILA SOTO'),
       ('74465102', null, null, true, '', '', 'MARTA ILABEL COÑOEPAN', null, '', '', 'PARTNER', null, null, null, null,
        'MARTA ILABEL COÑOEPAN'),
       ('65749238', null, null, true, '', '', 'LUIS GARCIA PAREDES', null, '', '', 'PARTNER', null, null, null, null,
        'LUIS GARCIA PAREDES'),
       ('158534061', null, null, true, '', '', 'LORETO RAMIREZ PAREDES', null, '', '', 'PARTNER', null, null, null,
        null, 'LORETO RAMIREZ PAREDES'),
       ('44066033', null, null, true, '', '', 'PEDRO HIDALGO ILABEL', null, '', '', 'PARTNER', null, null, null, null,
        'PEDRO HIDALGO ILABEL'),
       ('90448196', null, null, true, '', '', 'GONZALO CID PANGUI', null, '', '', 'PARTNER', null, null, null, null,
        'GONZALO CID PANGUI'),
       ('88011406', null, null, true, '', '', 'JESUS ESTRADA FAJARDO', null, '', '', 'PARTNER', null, null, null, null,
        'JESUS ESTRADA FAJARDO'),
       ('108701668', null, null, true, '', '', 'PATRICIO HIDALGO VILLEGAS', null, '', '', 'PARTNER', null, null, null,
        null, 'PATRICIO HIDALGO VILLEGAS'),
       ('117048926', null, null, true, '', '', 'EDISON ARRIAGADA DELGADO', null, '', '', 'PARTNER', null, null, null,
        null, 'EDISON ARRIAGADA DELGADO'),
       ('37585432', null, null, true, '', '', 'ROBERTO GUARDA MIRANDA', null, '', '', 'PARTNER', null, null, null, null,
        'ROBERTO GUARDA MIRANDA'),
       ('10923754K', null, null, true, '', '', 'ESTER CONTRERAS SARMIENTO', null, '', '', 'PARTNER', null, null, null,
        null, 'ESTER CONTRERAS SARMIENTO'),
       ('89426022', null, null, true, '', '', 'VERONICA PAREDES PEREZ', null, '', '', 'PARTNER', null, null, null, null,
        'VERONICA PAREDES PEREZ'),
       ('89915473', null, null, true, '', '', 'SERGIO BARRIENTOS ÑANCO', null, '', '', 'PARTNER', null, null, null,
        null, 'SERGIO BARRIENTOS ÑANCO'),
       ('142805065', null, null, true, '', '', 'PILAR CARRASCO ÑANCO', null, '', '', 'PARTNER', null, null, null, null,
        'PILAR CARRASCO ÑANCO'),
       ('43432745', null, null, true, '', '', 'AQUILES GONZALEZ GARCIA', null, '', '', 'PARTNER', null, null, null,
        null, 'AQUILES GONZALEZ GARCIA'),
       ('94231132', null, null, true, '', '', 'WILIBALDO BRAND ARAYA', null, '', '', 'PARTNER', null, null, null, null,
        'WILIBALDO BRAND ARAYA'),
       ('152937741', null, null, true, '', '', 'ANITA MOREIRA DEL RIO', null, '', '', 'PARTNER', null, null, null, null,
        'ANITA MOREIRA DEL RIO'),
       ('87978729', null, null, true, '', '', 'JUANA ARANGO SOLIS', null, '', '', 'PARTNER', null, null, null, null,
        'JUANA ARANGO SOLIS'),
       ('89226678', null, null, true, '', '', 'SANDRA FUENTES MEDINA', null, '', '', 'PARTNER', null, null, null, null,
        'SANDRA FUENTES MEDINA'),
       ('95572685', null, null, true, '', '', 'ANGELICA BARRIA MEDINA', null, '', '', 'PARTNER', null, null, null, null,
        'ANGELICA BARRIA MEDINA'),
       ('73985684', null, null, true, '', '', 'FRANCISCO PINO BURGOS', null, '', '', 'PARTNER', null, null, null, null,
        'FRANCISCO PINO BURGOS'),
       ('135199117', null, null, true, '', '', 'CARLOS HERNANDEZ FLORES', null, '', '', 'PARTNER', null, null, null,
        null, 'CARLOS HERNANDEZ FLORES'),
       ('83935332', null, null, true, '', '', 'MARCELINA GUERRERO', null, '', '', 'PARTNER', null, null, null, null,
        'MARCELINA GUERRERO'),
       ('79723177', null, null, true, '', '', 'JUAN MARTINEZ SOTO', null, '', '', 'PARTNER', null, null, null, null,
        'JUAN MARTINEZ SOTO'),
       ('94652405', null, null, true, '', '', 'MIREYA BECERRA GUTUIERREZ', null, '', '', 'PARTNER', null, null, null,
        null, 'MIREYA BECERRA GUTUIERREZ'),
       ('38996657', null, null, true, '', '', 'MANUEL MONTECINOS JARA', null, '', '', 'PARTNER', null, null, null, null,
        'MANUEL MONTECINOS JARA'),
       ('52143721', null, null, true, '', '', 'JUAN STUARDO CISTERNA', null, '', '', 'PARTNER', null, null, null, null,
        'JUAN STUARDO CISTERNA'),
       ('95462707', null, null, true, '', '', 'DANIEL BARRIENTOS AUSTENRRITT', null, '', '', 'PARTNER', null, null,
        null, null, 'DANIEL BARRIENTOS AUSTENRRITT'),
       ('116569892', null, null, true, '', '', 'LORENA RAMOS VEGA', null, '', '', 'PARTNER', null, null, null, null,
        'LORENA RAMOS VEGA'),
       ('58335258', null, null, true, '', '', 'RUBEN SOLIS ÑANCO', null, '', '', 'PARTNER', null, null, null, null,
        'RUBEN SOLIS ÑANCO'),
       ('24983153', null, null, true, '', '', 'LAUTARO TORO ZELAYA', null, '', '', 'PARTNER', null, null, null, null,
        'LAUTARO TORO ZELAYA'),
       ('113238852', null, null, true, '', '', 'HERNAN CARCAMO BARRIENTOS', null, '', '', 'PARTNER', null, null, null,
        null, 'HERNAN CARCAMO BARRIENTOS'),
       ('17511744K', null, null, true, '', '', 'FRABCISCO GUARDA RABY', null, '', '', 'PARTNER', null, null, null, null,
        'FRABCISCO GUARDA RABY'),
       ('71666107', null, null, true, '', '', 'LUIS CASTRO GARCIAS', null, '', '', 'PARTNER', null, null, null, null,
        'LUIS CASTRO GARCIAS'),
       ('65327589', null, null, true, '', '', 'ROMULO BILBAO HIDALGO', null, '', '', 'PARTNER', null, null, null, null,
        'ROMULO BILBAO HIDALGO'),
       ('56027718', null, null, true, '', '', 'LIDIA MONTIEL ALVAREZ', null, '', '', 'PARTNER', null, null, null, null,
        'LIDIA MONTIEL ALVAREZ'),
       ('86821982', null, null, true, '', '', 'LUIS MILLAN ESCANDON', null, '', '', 'PARTNER', null, null, null, null,
        'LUIS MILLAN ESCANDON'),
       ('39044676', null, null, true, '', '', 'ROBERTO CADAGAN CELEDON', null, '', '', 'PARTNER', null, null, null,
        null, 'ROBERTO CADAGAN CELEDON'),
       ('124315654', null, null, true, '', '', ' ALEX GONZALEZ CID', null, '', '', 'PARTNER', null, null, null, null,
        ' ALEX GONZALEZ CID'),
       ('131168306', null, null, true, '', '', 'RAQUEL VELOSO SEPULVEDA', null, '', '', 'PARTNER', null, null, null,
        null, 'RAQUEL VELOSO SEPULVEDA'),
       ('55051275', null, null, true, '', '', 'LUIS TELLO VILLAROEL', null, '', '', 'PARTNER', null, null, null, null,
        'LUIS TELLO VILLAROEL'),
       ('109418471', null, null, true, '', '', 'GERMAN GONZALEZ OJEDA', null, '', '', 'PARTNER', null, null, null, null,
        'GERMAN GONZALEZ OJEDA'),
       ('164768317', null, null, true, '', '', 'ANTONIO SALDIAS ALARCON', null, '', '', 'PARTNER', null, null, null,
        null, 'ANTONIO SALDIAS ALARCON'),
       ('126115717', null, null, true, '', '', 'CYNDI SANCHEZ AMAS', null, '', '', 'PARTNER', null, null, null, null,
        'CYNDI SANCHEZ AMAS'),
       ('73468744', null, null, true, '', '', 'ROBERTO AVILA NUÑEZ', null, '', '', 'PARTNER', null, null, null, null,
        'ROBERTO AVILA NUÑEZ'),
       ('41294108', null, null, true, '', '', 'MONICA BECERRA ARRIAGADA', null, '', '', 'PARTNER', null, null, null,
        null, 'MONICA BECERRA ARRIAGADA'),
       ('44985098', null, null, true, '', '', 'CORINA BECERRA ARRIAGADA', null, '', '', 'PARTNER', null, null, null,
        null, 'CORINA BECERRA ARRIAGADA'),
       ('64146521', null, null, true, '', '', 'BERNARDO MOREIRA CORONADO', null, '', '', 'PARTNER', null, null, null,
        null, 'BERNARDO MOREIRA CORONADO'),
       ('71836428', null, null, true, '', '', 'IVAN DENIS GARAY', null, '', '', 'PARTNER', null, null, null, null,
        'IVAN DENIS GARAY'),
       ('76341117', null, null, true, '', '', 'CLAUDIO TRONCOSO DONOSO', null, '', '', 'PARTNER', null, null, null,
        null, 'CLAUDIO TRONCOSO DONOSO'),
       ('59200437', null, null, true, '', '', 'JUAN HERNANDEZ BETANCOURT', null, '', '', 'PARTNER', null, null, null,
        null, 'JUAN HERNANDEZ BETANCOURT'),
       ('91179458', null, null, true, '', '', 'FRANKLIN SOTO MALVERDE', null, '', '', 'PARTNER', null, null, null, null,
        'FRANKLIN SOTO MALVERDE'),
       ('140817384', null, null, true, '', '', 'EUGENIO RIOS RIQUELME', null, '', '', 'PARTNER', null, null, null, null,
        'EUGENIO RIOS RIQUELME'),
       ('91107899', null, null, true, '', '', 'LUISA SANCHEZ CHUÑIL', null, '', '', 'PARTNER', null, null, null, null,
        'LUISA SANCHEZ CHUÑIL'),
       ('37009237', null, null, true, '', '', 'MIRIAM MUÑOZ CARDENAS', null, '', '', 'PARTNER', null, null, null, null,
        'MIRIAM MUÑOZ CARDENAS'),
       ('101124681', null, null, true, '', '', 'RICARDO GUERRA CARDENIL', null, '', '', 'PARTNER', null, null, null,
        null, 'RICARDO GUERRA CARDENIL'),
       ('93192338', null, null, true, '', '', 'LUIS OCHOA FUENTES', null, '', '', 'PARTNER', null, null, null, null,
        'LUIS OCHOA FUENTES'),
       ('160766395', null, null, true, '', '', 'RICARDO HENRIQUEZ VILLEGAS', null, '', '', 'PARTNER', null, null, null,
        null, 'RICARDO HENRIQUEZ VILLEGAS'),
       ('155478926', null, null, true, '', '', 'ALEJANDRA PAREDES BASQUEZ', null, '', '', 'PARTNER', null, null, null,
        null, 'ALEJANDRA PAREDES BASQUEZ'),
       ('72002253', null, null, true, '', '', 'VINKA VALENZUELA VILLALOBOS', null, '', '', 'PARTNER', null, null, null,
        null, 'VINKA VALENZUELA VILLALOBOS'),
       ('8113717K', null, null, true, '', '', 'LUISA RIVERA OYARZO', null, '', '', 'PARTNER', null, null, null, null,
        'LUISA RIVERA OYARZO'),
       ('133210113', null, null, true, '', '', 'MAX SHENCKE OLAVARRIA', null, '', '', 'PARTNER', null, null, null, null,
        'MAX SHENCKE OLAVARRIA'),
       ('66761541', null, null, true, '', '', 'MIRTA OLAVARRIA DÍAZ', null, '', '', 'PARTNER', null, null, null, null,
        'MIRTA OLAVARRIA DÍAZ'),
       ('193197981', null, null, true, '', '', 'MARIA ALMIZRY SAEZ', null, '', '', 'PARTNER', null, null, null, null,
        'MARIA ALMIZRY SAEZ'),
       ('692001001', null, null, true, '', '', 'ESC.G Nº 24 CURIÑANCO', null, '', '', 'PARTNER', null, null, null, null,
        'ESC.G Nº 24 CURIÑANCO'),
       ('4158579K', null, null, true, '', '', 'REBECA ANCAO ÑANCO', null, '', '', 'PARTNER', null, null, null, null,
        'REBECA ANCAO ÑANCO'),
       ('74076092', null, null, true, '', '', 'IRENE  PEÑA SOTO', null, '', '', 'PARTNER', null, null, null, null,
        'IRENE  PEÑA SOTO'),
       ('188874711', null, null, true, '', '', 'NAYARETH ALCAPAN LAGOS', null, '', '', 'PARTNER', null, null, null,
        null, 'NAYARETH ALCAPAN LAGOS'),
       ('115919733', null, null, true, '', '', 'LETICIA SEGOVIA ALVAREZ', null, '', '', 'PARTNER', null, null, null,
        null, 'LETICIA SEGOVIA ALVAREZ'),
       ('140811947', null, null, true, '', '', 'JOVA ANTILLANCA ESPARZA', null, '', '', 'PARTNER', null, null, null,
        null, 'JOVA ANTILLANCA ESPARZA'),
       ('152622112', null, null, true, '', '', 'ROXANA PICHUN ÑANCO', null, '', '', 'PARTNER', null, null, null, null,
        'ROXANA PICHUN ÑANCO'),
       ('89816165', null, null, true, '', '', 'PATRICIO ÑANCO ANTILAF', null, '', '', 'PARTNER', null, null, null, null,
        'PATRICIO ÑANCO ANTILAF'),
       ('101723216', null, null, true, '', '', 'JOEL ÑANCO ANTILAF', null, '', '', 'PARTNER', null, null, null, null,
        'JOEL ÑANCO ANTILAF'),
       ('84613258', null, null, true, '', '', 'JORGE CARCAMO', null, '', '', 'PARTNER', null, null, null, null,
        'JORGE CARCAMO'),
       ('47275679', null, null, true, '', '', 'DINELY FILGUEIRA JARA', null, '', '', 'PARTNER', null, null, null, null,
        'DINELY FILGUEIRA JARA'),
       ('74551475', null, null, true, '', '', 'ALBINO ANTILLANCA ÑANCO', null, '', '', 'PARTNER', null, null, null,
        null, 'ALBINO ANTILLANCA ÑANCO'),
       ('127470464', null, null, true, '', '', 'JAIME ANTILLANCA GALLARDO', null, '', '', 'PARTNER', null, null, null,
        null, 'JAIME ANTILLANCA GALLARDO'),
       ('152637942', null, null, true, '', '', 'MARIA VIDAL LOPEZ', null, '', '', 'PARTNER', null, null, null, null,
        'MARIA VIDAL LOPEZ'),
       ('76139814', null, null, true, '', '', 'TRINIDAD VERGARA GALLEGOS', null, '', '', 'PARTNER', null, null, null,
        null, 'TRINIDAD VERGARA GALLEGOS'),
       ('35404015', null, null, true, '', '', 'SONIA FIORATTI', null, '', '', 'PARTNER', null, null, null, null,
        'SONIA FIORATTI'),
       ('5181200K', null, null, true, '', '', 'RICARDO MOL MIRANDA', null, '', '', 'PARTNER', null, null, null, null,
        'RICARDO MOL MIRANDA'),
       ('113244933', null, null, true, '', '', 'ALEJANDRO LOPEZ BARRIENTOS', null, '', '', 'PARTNER', null, null, null,
        null, 'ALEJANDRO LOPEZ BARRIENTOS'),
       ('44126184', null, null, true, '', '', 'NORA MUÑOZ GONZALEZ', null, '', '', 'PARTNER', null, null, null, null,
        'NORA MUÑOZ GONZALEZ'),
       ('69072593', null, null, true, '', '', 'GABRIEL CARCAMO BAHAMONDE', null, '', '', 'PARTNER', null, null, null,
        null, 'GABRIEL CARCAMO BAHAMONDE'),
       ('133192034', null, null, true, '', '', 'RODRIGO BAHAMONDE FLORES', null, '', '', 'PARTNER', null, null, null,
        null, 'RODRIGO BAHAMONDE FLORES'),
       ('45835316', null, null, true, '', '', 'RAUL GALLARDO GONZALEZ', null, '', '', 'PARTNER', null, null, null, null,
        'RAUL GALLARDO GONZALEZ'),
       ('49326408', null, null, true, '', '', 'MARIA RIVERA CONCHA', null, '', '', 'PARTNER', null, null, null, null,
        'MARIA RIVERA CONCHA'),
       ('45748995', null, null, true, '', '', 'RAQUEL SUAREZ ANTILAF', null, '', '', 'PARTNER', null, null, null, null,
        'RAQUEL SUAREZ ANTILAF'),
       ('57022531', null, null, true, '', '', ' RUTH HOFFMANN BEISSE', null, '', '', 'PARTNER', null, null, null, null,
        ' RUTH HOFFMANN BEISSE'),
       ('55930457', null, null, true, '', '', 'FLORENTINO LILLO ORELLANA', null, '', '', 'PARTNER', null, null, null,
        null, 'FLORENTINO LILLO ORELLANA'),
       ('43730185', null, null, true, '', '', 'ISIDRO RIQUELME MEDINA', null, '', '', 'PARTNER', null, null, null, null,
        'ISIDRO RIQUELME MEDINA'),
       ('71210316', null, null, true, '', '', 'IRMA CORREA FERRADA', null, '', '', 'PARTNER', null, null, null, null,
        'IRMA CORREA FERRADA'),
       ('95925316', null, null, true, '', '', 'TERESA MORALES VILUGRON', null, '', '', 'PARTNER', null, null, null,
        null, 'TERESA MORALES VILUGRON'),
       ('82339515', null, null, true, '', '', 'FERNANDO DELGADO CORDOVA', null, '', '', 'PARTNER', null, null, null,
        null, 'FERNANDO DELGADO CORDOVA'),
       ('60736928', null, null, true, '', '', 'LUISA WIEDERHOLD ULLOA', null, '', '', 'PARTNER', null, null, null, null,
        'LUISA WIEDERHOLD ULLOA'),
       ('64236458', null, null, true, '', '', 'EMA RIVAS MANOSALVA', null, '', '', 'PARTNER', null, null, null, null,
        'EMA RIVAS MANOSALVA'),
       ('63946192', null, null, true, '', '', 'OCTAVIO ALID GARCIA', null, '', '', 'PARTNER', null, null, null, null,
        'OCTAVIO ALID GARCIA'),
       ('53645739', null, null, true, '', '', 'MARIO ILLESCA SOLIS', null, '', '', 'PARTNER', null, null, null, null,
        'MARIO ILLESCA SOLIS'),
       ('106841683', null, null, true, '', '', 'MARCELO DEL VALLE EPULLAO', null, '', '', 'PARTNER', null, null, null,
        null, 'MARCELO DEL VALLE EPULLAO'),
       ('10331142K', null, null, true, '', '', 'ALFONSO SEGUEL OSADEY', null, '', '', 'PARTNER', null, null, null, null,
        'ALFONSO SEGUEL OSADEY'),
       ('118669908', null, null, true, '', '', 'PAULINA REYES GAVILAN', null, '', '', 'PARTNER', null, null, null, null,
        'PAULINA REYES GAVILAN'),
       ('140812293', null, null, true, '', '', 'BERNARDO ARISMENDI', null, '', '', 'PARTNER', null, null, null, null,
        'BERNARDO ARISMENDI'),
       ('70023091', null, null, true, '', '', 'EDITH ARAYA GEEREGATE', null, '', '', 'PARTNER', null, null, null, null,
        'EDITH ARAYA GEEREGATE'),
       ('88786491', null, null, true, '', '', 'CARMEN FIGUEROA BARREAUX', null, '', '', 'PARTNER', null, null, null,
        null, 'CARMEN FIGUEROA BARREAUX'),
       ('108775416', null, null, true, '', '', 'LUIS CAVIERES FUENTEALBA', null, '', '', 'PARTNER', null, null, null,
        null, 'LUIS CAVIERES FUENTEALBA'),
       ('103354633', null, null, true, '', '', 'JOAQUIN RIVEROS BUSTOS', null, '', '', 'PARTNER', null, null, null,
        null, 'JOAQUIN RIVEROS BUSTOS'),
       ('138482553', null, null, true, '', '', 'JOSE SANDOVAL HERMOSILLA', null, '', '', 'PARTNER', null, null, null,
        null, 'JOSE SANDOVAL HERMOSILLA'),
       ('72350863', null, null, true, '', '', 'TERESA BAEZA ALVAREZ', null, '', '', 'PARTNER', null, null, null, null,
        'TERESA BAEZA ALVAREZ'),
       ('49905548', null, null, true, '', '', 'JORGE DELGADO CHAURA', null, '', '', 'PARTNER', null, null, null, null,
        'JORGE DELGADO CHAURA'),
       ('120490311', null, null, true, '', '', 'EDGARDO DELGADO KAPPER', null, '', '', 'PARTNER', null, null, null,
        null, 'EDGARDO DELGADO KAPPER'),
       ('10148047K', null, null, true, '', '', 'JORGE DELGADO KAPPER', null, '', '', 'PARTNER', null, null, null, null,
        'JORGE DELGADO KAPPER'),
       ('10402792K', null, null, true, '', '', 'ERWIN SANDOVAL SANHUEZA', null, '', '', 'PARTNER', null, null, null,
        null, 'ERWIN SANDOVAL SANHUEZA'),
       ('9291660K', null, null, true, '', '', 'MARCELO GUZMAN GOHRING', null, '', '', 'PARTNER', null, null, null, null,
        'MARCELO GUZMAN GOHRING'),
       ('85299263', null, null, true, '', '', 'YEANETH MILLER MARDONES', null, '', '', 'PARTNER', null, null, null,
        null, 'YEANETH MILLER MARDONES'),
       ('52443784', null, null, true, '', '', 'MARIA  AVILA MONTECINOS', null, '', '', 'PARTNER', null, null, null,
        null, 'MARIA  AVILA MONTECINOS'),
       ('8886705K', null, null, true, '', '', 'LUIS PINO DIAZ', null, '', '', 'PARTNER', null, null, null, null,
        'LUIS PINO DIAZ'),
       ('157597701', null, null, true, '', '', 'NOELIA RETAMAL ESPARZA', null, '', '', 'PARTNER', null, null, null,
        null, 'NOELIA RETAMAL ESPARZA'),
       ('93342607', null, null, true, '', '', 'JORGE LOPEZ DEL RIO', null, '', '', 'PARTNER', null, null, null, null,
        'JORGE LOPEZ DEL RIO'),
       ('42094706', null, null, true, '', '', 'DELFIN RETAMAL ANTILAF', null, '', '', 'PARTNER', null, null, null, null,
        'DELFIN RETAMAL ANTILAF'),
       ('66270335', null, null, true, '', '', 'IVAN FIERRO MORINEAUD', null, '', '', 'PARTNER', null, null, null, null,
        'IVAN FIERRO MORINEAUD'),
       ('62911549', null, null, true, '', '', 'LUZ MARINA RETAMAL ANTILAF', null, '', '', 'PARTNER', null, null, null,
        null, 'LUZ MARINA RETAMAL ANTILAF'),
       ('58479365', null, null, true, '', '', 'JUAN OYARZUN MALDONADO', null, '', '', 'PARTNER', null, null, null, null,
        'JUAN OYARZUN MALDONADO'),
       ('66519082', null, null, true, '', '', 'MARIA LAURA REOLINDA MILLAR MILLAR', null, '', '', 'PARTNER', null, null,
        null, null, 'MARIA LAURA REOLINDA MILLAR MILLAR'),
       ('54234783', null, null, true, '', '', 'CARLOS OYARZO FLORES', null, '', '', 'PARTNER', null, null, null, null,
        'CARLOS OYARZO FLORES'),
       ('71945944', null, null, true, '', '', 'CECILIA SILVA VILCHES', null, '', '', 'PARTNER', null, null, null, null,
        'CECILIA SILVA VILCHES'),
       ('64690124', null, null, true, '', '', 'AURA ENCINA DELGADO', null, '', '', 'PARTNER', null, null, null, null,
        'AURA ENCINA DELGADO'),
       ('68887887', null, null, true, '', '', 'JUAN FIERRO HERMOSILLA', null, '', '', 'PARTNER', null, null, null, null,
        'JUAN FIERRO HERMOSILLA'),
       ('61483535', null, null, true, '', '', 'EMILIANA BOBADILLA  CORDONES', null, '', '', 'PARTNER', null, null, null,
        null, 'EMILIANA BOBADILLA  CORDONES'),
       ('128980288', null, null, true, '', '', 'PAOLA HINOJOSA VALDEZ', null, '', '', 'PARTNER', null, null, null, null,
        'PAOLA HINOJOSA VALDEZ'),
       ('75986025', null, null, true, '', '', 'CRISTINA ATERO SANCHEZ', null, '', '', 'PARTNER', null, null, null, null,
        'CRISTINA ATERO SANCHEZ'),
       ('113242132', null, null, true, '', '', 'AMADOR ALTAMIRANO OBANDO', null, '', '', 'PARTNER', null, null, null,
        null, 'AMADOR ALTAMIRANO OBANDO'),
       ('81880506', null, null, true, '', '', 'SANDRA OBANDO HERNANDEZ', null, '', '', 'PARTNER', null, null, null,
        null, 'SANDRA OBANDO HERNANDEZ'),
       ('100907984', null, null, true, '', '', 'NOEMI MERIDA FREDES', null, '', '', 'PARTNER', null, null, null, null,
        'NOEMI MERIDA FREDES'),
       ('6519306K', null, null, true, '', '', 'JACOB VILLARROEL', null, '', '', 'PARTNER', null, null, null, null,
        'JACOB VILLARROEL'),
       ('101439143', null, null, true, '', '', 'RICARDO ANTIMANQUE INSUNZA', null, '', '', 'PARTNER', null, null, null,
        null, 'RICARDO ANTIMANQUE INSUNZA'),
       ('67479874', null, null, true, '', '', 'KAREN BARRERA DIAZ', null, '', '', 'PARTNER', null, null, null, null,
        'KAREN BARRERA DIAZ'),
       ('105629699', null, null, true, '', '', 'FERNANDO PALMA ÑANCO', null, '', '', 'PARTNER', null, null, null, null,
        'FERNANDO PALMA ÑANCO'),
       ('100002418', null, null, true, '', '', 'SOLEDAD PALMA ÑANCO', null, '', '', 'PARTNER', null, null, null, null,
        'SOLEDAD PALMA ÑANCO'),
       ('65535963', null, null, true, '', '', 'CLAUDIO ACUÑA MOLSALVE', null, '', '', 'PARTNER', null, null, null, null,
        'CLAUDIO ACUÑA MOLSALVE'),
       ('142819821', null, null, true, '', '', 'JOHNY DELGADO', null, '', '', 'PARTNER', null, null, null, null,
        'JOHNY DELGADO'),
       ('88592255', null, null, true, '', '', 'NANCY NAVARRO ROSAS', null, '', '', 'PARTNER', null, null, null, null,
        'NANCY NAVARRO ROSAS'),
       ('142823063', null, null, true, '', '', 'VIVIANA MORA TRONCOSO', null, '', '', 'PARTNER', null, null, null, null,
        'VIVIANA MORA TRONCOSO'),
       ('38215388', null, null, true, '', '', 'NUBIA ÑANCO ANTILLANCA', null, '', '', 'PARTNER', null, null, null, null,
        'NUBIA ÑANCO ANTILLANCA'),
       ('103200989', null, null, true, '', '', 'HECTOR CORONADO MORA', null, '', '', 'PARTNER', null, null, null, null,
        'HECTOR CORONADO MORA'),
       ('40378367', null, null, true, '', '', 'OSVALDO MORA RIVAS', null, '', '', 'PARTNER', null, null, null, null,
        'OSVALDO MORA RIVAS'),
       ('27689647', null, null, true, '', '', 'VICENTE ANCAO ÑANCO', null, '', '', 'PARTNER', null, null, null, null,
        'VICENTE ANCAO ÑANCO'),
       ('51729668', null, null, true, '', '', 'SILVIA TRONCOSO MUÑOZ', null, '', '', 'PARTNER', null, null, null, null,
        'SILVIA TRONCOSO MUÑOZ'),
       ('102511743', null, null, true, '', '', 'ALFREDO ACEVEDO SANCHEZ', null, '', '', 'PARTNER', null, null, null,
        null, 'ALFREDO ACEVEDO SANCHEZ'),
       ('45670511', null, null, true, '', '', 'JOSE ARANCIBIA PACHECO', null, '', '', 'PARTNER', null, null, null, null,
        'JOSE ARANCIBIA PACHECO'),
       ('40563253', null, null, true, '', '', 'FRESIA FUENSALIDA OYARCE', null, '', '', 'PARTNER', null, null, null,
        null, 'FRESIA FUENSALIDA OYARCE'),
       ('98370463', null, null, true, '', '', 'WOLFGANG SCHNETTLER ZARATE', null, '', '', 'PARTNER', null, null, null,
        null, 'WOLFGANG SCHNETTLER ZARATE'),
       ('14281983K', null, null, true, '', '', 'RODRIGO OPAZO MUÑOZ', null, '', '', 'PARTNER', null, null, null, null,
        'RODRIGO OPAZO MUÑOZ'),
       ('69581943', null, null, true, '', '', 'HERMINDA LUER LOPEZ', null, '', '', 'PARTNER', null, null, null, null,
        'HERMINDA LUER LOPEZ'),
       ('55719934', null, null, true, '', '', 'OSCAR CADIZ PORRA', null, '', '', 'PARTNER', null, null, null, null,
        'OSCAR CADIZ PORRA'),
       ('42401471', null, null, true, '', '', 'TITO ANSALDO BERLIEN', null, '', '', 'PARTNER', null, null, null, null,
        'TITO ANSALDO BERLIEN'),
       ('87911985', null, null, true, '', '', 'JOSE JARAMILLO CANALES', null, '', '', 'PARTNER', null, null, null, null,
        'JOSE JARAMILLO CANALES'),
       ('94461073', null, null, true, '', '', 'EUGENIA OLIVA VIROT', null, '', '', 'PARTNER', null, null, null, null,
        'EUGENIA OLIVA VIROT'),
       ('55515905', null, null, true, '', '', 'JOSE ZAMBRANO ZAMBRANO', null, '', '', 'PARTNER', null, null, null, null,
        'JOSE ZAMBRANO ZAMBRANO'),
       ('143519317', null, null, true, '', '', 'TERESA QUINCHAGUAL FLORES', null, '', '', 'PARTNER', null, null, null,
        null, 'TERESA QUINCHAGUAL FLORES'),
       ('54868944', null, null, true, '', '', 'RUBY INOSTROZA SANCHEZ', null, '', '', 'PARTNER', null, null, null, null,
        'RUBY INOSTROZA SANCHEZ'),
       ('106492794', null, null, true, '', '', 'FABIOLA SAAVEDRA SEPULVEDA', null, '', '', 'PARTNER', null, null, null,
        null, 'FABIOLA SAAVEDRA SEPULVEDA'),
       ('93185242', null, null, true, '', '', 'JORGE EDUARDO AZOCAR VILLALON', null, '', '', 'PARTNER', null, null,
        null, null, 'JORGE EDUARDO AZOCAR VILLALON'),
       ('7678017K', null, null, true, '', '', 'MARIA ARRIAGADA RIDEMANN', null, '', '', 'PARTNER', null, null, null,
        null, 'MARIA ARRIAGADA RIDEMANN'),
       ('91933233', null, null, true, '', '', 'JOSE CORDOVA OLIVARES', null, '', '', 'PARTNER', null, null, null, null,
        'JOSE CORDOVA OLIVARES'),
       ('50012166', null, null, true, '', '', 'DANILO ALBA BARRIENTOS', null, '', '', 'PARTNER', null, null, null, null,
        'DANILO ALBA BARRIENTOS'),
       ('42645605', null, null, true, '', '', 'ARNOLDO ALBA BARRIENTOS', null, '', '', 'PARTNER', null, null, null,
        null, 'ARNOLDO ALBA BARRIENTOS'),
       ('56184848', null, null, true, '', '', 'FIDELIZA ALBA BARRIENTOS', null, '', '', 'PARTNER', null, null, null,
        null, 'FIDELIZA ALBA BARRIENTOS'),
       ('50128156', null, null, true, '', '', 'MORELIA ALBA BARRIENTOS', null, '', '', 'PARTNER', null, null, null,
        null, 'MORELIA ALBA BARRIENTOS'),
       ('44205149', null, null, true, '', '', 'RAFAEL CONTRERAS CONTRERAS', null, '', '', 'PARTNER', null, null, null,
        null, 'RAFAEL CONTRERAS CONTRERAS'),
       ('132663017', null, null, true, '', '', 'DAVID ZAPATA CERON', null, '', '', 'PARTNER', null, null, null, null,
        'DAVID ZAPATA CERON'),
       ('57579072', null, null, true, '', '', 'MARCIA BAEZ VALENZUELA', null, '', '', 'PARTNER', null, null, null, null,
        'MARCIA BAEZ VALENZUELA'),
       ('73890306', null, null, true, '', '', 'HECTOR OLIVA VIROT', null, '', '', 'PARTNER', null, null, null, null,
        'HECTOR OLIVA VIROT'),
       ('55836191', null, null, true, '', '', 'ELEANA MATUS MATUS', null, '', '', 'PARTNER', null, null, null, null,
        'ELEANA MATUS MATUS'),
       ('6804684K', null, null, true, '', '', 'JOSE LEIVA SANTANA', null, '', '', 'PARTNER', null, null, null, null,
        'JOSE LEIVA SANTANA'),
       ('66261468', null, null, true, '', '', 'ANDRES VIDAL GONZALEZ', null, '', '', 'PARTNER', null, null, null, null,
        'ANDRES VIDAL GONZALEZ'),
       ('102085221', null, null, true, '', '', 'JOSE VARGAS BARRIA', null, '', '', 'PARTNER', null, null, null, null,
        'JOSE VARGAS BARRIA'),
       ('70687941', null, null, true, '', '', 'ELIZABETH CARRASCO FUENTEALBA', null, '', '', 'PARTNER', null, null,
        null, null, 'ELIZABETH CARRASCO FUENTEALBA'),
       ('64081691', null, null, true, '', '', 'ELEDINDA VALDEBENITO AVENDAÑO', null, '', '', 'PARTNER', null, null,
        null, null, 'ELEDINDA VALDEBENITO AVENDAÑO'),
       ('64085484', null, null, true, '', '', 'LUCILA VALDEBENITO AVENDAÑO', null, '', '', 'PARTNER', null, null, null,
        null, 'LUCILA VALDEBENITO AVENDAÑO'),
       ('132001936', null, null, true, '', '', 'CLAUDIO ARROYO CONTRERAS', null, '', '', 'PARTNER', null, null, null,
        null, 'CLAUDIO ARROYO CONTRERAS'),
       ('122007049', null, null, true, '', '', 'JOSE DELGADO BURGOS', null, '', '', 'PARTNER', null, null, null, null,
        'JOSE DELGADO BURGOS'),
       ('6931175K', null, null, true, '', '', 'LEONARDO ILI MELLA', null, '', '', 'PARTNER', null, null, null, null,
        'LEONARDO ILI MELLA'),
       ('87240657', null, null, true, '', '', 'MAURICIO NAVARRETE KLENNER', null, '', '', 'PARTNER', null, null, null,
        null, 'MAURICIO NAVARRETE KLENNER'),
       ('83843772', null, null, true, '', '', 'MARCO BARRIENTOS PLACENCIO', null, '', '', 'PARTNER', null, null, null,
        null, 'MARCO BARRIENTOS PLACENCIO'),
       ('57377666', null, null, true, '', '', 'CARLOS ZUÑIGA SCHOENFFELT', null, '', '', 'PARTNER', null, null, null,
        null, 'CARLOS ZUÑIGA SCHOENFFELT'),
       ('113563648', null, null, true, '', '', 'CRISTIAN MUÑOZ FUENTES', null, '', '', 'PARTNER', null, null, null,
        null, 'CRISTIAN MUÑOZ FUENTES'),
       ('69476112', null, null, true, '', '', 'EFRAIN ALTAMIRANO PEÑA', null, '', '', 'PARTNER', null, null, null, null,
        'EFRAIN ALTAMIRANO PEÑA'),
       ('152927312', null, null, true, '', '', 'EDUARDO MOLINA CALFUPAN', null, '', '', 'PARTNER', null, null, null,
        null, 'EDUARDO MOLINA CALFUPAN'),
       ('257707229', null, null, true, '', '', 'STANLEY PETRICK', null, '', '', 'PARTNER', null, null, null, null,
        'STANLEY PETRICK'),
       ('33890524', null, null, true, '', '', 'HAROLDO BARRIENTOS VARGAS', null, '', '', 'PARTNER', null, null, null,
        null, 'HAROLDO BARRIENTOS VARGAS'),
       ('90497103', null, null, true, '', '', 'LUZ BARRIENTOS ALVAREZ', null, '', '', 'PARTNER', null, null, null, null,
        'LUZ BARRIENTOS ALVAREZ'),
       ('66895211', null, null, true, '', '', 'TERESA PAREDES BARRIENTOS', null, '', '', 'PARTNER', null, null, null,
        null, 'TERESA PAREDES BARRIENTOS'),
       ('49793197', null, null, true, '', '', 'RAQUEL LIENCURA', null, '', '', 'PARTNER', null, null, null, null,
        'RAQUEL LIENCURA'),
       ('813805006', null, null, true, '', '', 'CABAÑA UACH', null, '', '', 'PARTNER', null, null, null, null,
        'CABAÑA UACH'),
       ('94568412', null, null, true, '', '', 'PATRICIO ULLOA VARGAS', null, '', '', 'PARTNER', null, null, null, null,
        'PATRICIO ULLOA VARGAS'),
       ('46989686', null, null, true, '', '', 'MIRYAM AUSTENRRITT ÑANCO', null, '', '', 'PARTNER', null, null, null,
        null, 'MIRYAM AUSTENRRITT ÑANCO'),
       ('38455842', null, null, true, '', '', 'SANTIAGO CUEVAS RESIDENCIAL', null, '', '', 'PARTNER', null, null, null,
        null, 'SANTIAGO CUEVAS RESIDENCIAL'),
       ('737419002', null, null, true, '', '', 'OFICINA DE AGUA POTABLE', null, '', '', 'PARTNER', null, null, null,
        null, 'OFICINA DE AGUA POTABLE'),
       ('121480468', null, null, true, '', '', 'KARIN PAMELA ÑANCO ÑANCO', null, '', '', 'PARTNER', null, null, null,
        null, 'KARIN PAMELA ÑANCO ÑANCO'),
       ('161276081', null, null, true, '', '', 'IGNACIO MIRANDA GUTIERREZ', null, '', '', 'PARTNER', null, null, null,
        null, 'IGNACIO MIRANDA GUTIERREZ'),
       ('64130773', null, null, true, '', '', 'LUIS CHACON CABRERA', null, '', '', 'PARTNER', null, null, null, null,
        'LUIS CHACON CABRERA'),
       ('49909586', null, null, true, '', '', 'RUTH PUENTES OJEDA', null, '', '', 'PARTNER', null, null, null, null,
        'RUTH PUENTES OJEDA'),
       ('157938495', null, null, true, '', '', 'JORGE MARTINEZ SILVA', null, '', '', 'PARTNER', null, null, null, null,
        'JORGE MARTINEZ SILVA'),
       ('87904083', null, null, true, '', '', 'PATRICIA NAVARRTE AMPUERO', null, '', '', 'PARTNER', null, null, null,
        null, 'PATRICIA NAVARRTE AMPUERO'),
       ('93936604', null, null, true, '', '', 'MIGUEL PRADO REYES', null, '', '', 'PARTNER', null, null, null, null,
        'MIGUEL PRADO REYES'),
       ('161599697', null, null, true, '', '', 'YENNY SALDIVIA CARRASCO', null, '', '', 'PARTNER', null, null, null,
        null, 'YENNY SALDIVIA CARRASCO'),
       ('9067174K', null, null, true, '', '', 'JOAQUIN AVILA ALBA', null, '', '', 'PARTNER', null, null, null, null,
        'JOAQUIN AVILA ALBA'),
       ('8892536K', null, null, true, '', '', 'GEMA CORVETTO GONZALEZ', null, '', '', 'PARTNER', null, null, null, null,
        'GEMA CORVETTO GONZALEZ'),
       ('124312469', null, null, true, '', '', 'CLAUDIA DIAZ SARIEGO', null, '', '', 'PARTNER', null, null, null, null,
        'CLAUDIA DIAZ SARIEGO'),
       ('84887641', null, null, true, '', '', 'RICARDO GEBAUER HENRIQUEZ', null, '', '', 'PARTNER', null, null, null,
        null, 'RICARDO GEBAUER HENRIQUEZ'),
       ('64128078', null, null, true, '', '', 'PATRICIO URIBE CONUS', null, '', '', 'PARTNER', null, null, null, null,
        'PATRICIO URIBE CONUS'),
       ('86589311', null, null, true, '', '', 'CLAUDIO MONTECINOS MUÑOZ', null, '', '', 'PARTNER', null, null, null,
        null, 'CLAUDIO MONTECINOS MUÑOZ'),
       ('73400759', null, null, true, '', '', 'ESTRELLA ZAMBRANO GONZALEZ', null, '', '', 'PARTNER', null, null, null,
        null, 'ESTRELLA ZAMBRANO GONZALEZ'),
       ('83455527', null, null, true, '', '', 'MIRELLA MORALES MORALES', null, '', '', 'PARTNER', null, null, null,
        null, 'MIRELLA MORALES MORALES'),
       ('137073463', null, null, true, '', '', 'CORINA  MARTINEZ MUÑOZ', null, '', '', 'PARTNER', null, null, null,
        null, 'CORINA  MARTINEZ MUÑOZ'),
       ('69682278', null, null, true, '', '', 'JUANA SAN MARTIN ALVAREZ', null, '', '', 'PARTNER', null, null, null,
        null, 'JUANA SAN MARTIN ALVAREZ'),
       ('82580905', null, null, true, '', '', 'SERGIO MARTINEZ FLORES', null, '', '', 'PARTNER', null, null, null, null,
        'SERGIO MARTINEZ FLORES'),
       ('90518976', null, null, true, '', '', 'HECTOR GOMEZ VERA', null, '', '', 'PARTNER', null, null, null, null,
        'HECTOR GOMEZ VERA'),
       ('134921773', null, null, true, '', '', 'CLAUDIA ARACENA PEREZ', null, '', '', 'PARTNER', null, null, null, null,
        'CLAUDIA ARACENA PEREZ'),
       ('41745886', null, null, true, '', '', 'DANIEL MITRE PEREZ', null, '', '', 'PARTNER', null, null, null, null,
        'DANIEL MITRE PEREZ'),
       ('60419531', null, null, true, '', '', 'ANA ALVEAL BORQUEZ', null, '', '', 'PARTNER', null, null, null, null,
        'ANA ALVEAL BORQUEZ'),
       ('71446379', null, null, true, '', '', 'MIRTA GUARDA TECOL', null, '', '', 'PARTNER', null, null, null, null,
        'MIRTA GUARDA TECOL'),
       ('91676818', null, null, true, '', '', 'MARIA LEYAN MARTINEZ', null, '', '', 'PARTNER', null, null, null, null,
        'MARIA LEYAN MARTINEZ'),
       ('131170254', null, null, true, '', '', 'WALTER AROS VERA', null, '', '', 'PARTNER', null, null, null, null,
        'WALTER AROS VERA'),
       ('46462262', null, null, true, '', '', 'JUAN AILLAPAN NAHUELPAN', null, '', '', 'PARTNER', null, null, null,
        null, 'JUAN AILLAPAN NAHUELPAN'),
       ('64838784', null, null, true, '', '', 'WASHINGTON PEÑA ARCOS', null, '', '', 'PARTNER', null, null, null, null,
        'WASHINGTON PEÑA ARCOS'),
       ('81363633', null, null, true, '', '', 'IRIS VIDAL AMPUERO', null, '', '', 'PARTNER', null, null, null, null,
        'IRIS VIDAL AMPUERO'),
       ('46135733', null, null, true, '', '', 'GUIDO BURGOS SOTOMAYOR', null, '', '', 'PARTNER', null, null, null, null,
        'GUIDO BURGOS SOTOMAYOR'),
       ('130527949', null, null, true, '', '', 'SONIA ROJAS RHEL', null, '', '', 'PARTNER', null, null, null, null,
        'SONIA ROJAS RHEL'),
       ('74542182', null, null, true, '', '', 'RODOLFO MANCILLA PEREZ', null, '', '', 'PARTNER', null, null, null, null,
        'RODOLFO MANCILLA PEREZ'),
       ('61884823', null, null, true, '', '', 'JOSE HIDALGO ILABEL', null, '', '', 'PARTNER', null, null, null, null,
        'JOSE HIDALGO ILABEL'),
       ('94146267', null, null, true, '', '', 'MIRIAM PRADO MUÑOZ', null, '', '', 'PARTNER', null, null, null, null,
        'MIRIAM PRADO MUÑOZ'),
       ('63950483', null, null, true, '', '', 'JUAN RAMIREZ', null, '', '', 'PARTNER', null, null, null, null,
        'JUAN RAMIREZ'),
       ('52682479', null, null, true, '', '', 'LUISA BRAVO REYES', null, '', '', 'PARTNER', null, null, null, null,
        'LUISA BRAVO REYES'),
       ('77304134', null, null, true, '', '', 'MARIA MONTECINOS MANCILLA', null, '', '', 'PARTNER', null, null, null,
        null, 'MARIA MONTECINOS MANCILLA'),
       ('7951490K', null, null, true, '', '', 'ALEJANDRO ATERO SANCHEZ', null, '', '', 'PARTNER', null, null, null,
        null, 'ALEJANDRO ATERO SANCHEZ'),
       ('87601455', null, null, true, '', '', 'EUGENIA ABURTO MARTINEZ', null, '', '', 'PARTNER', null, null, null,
        null, 'EUGENIA ABURTO MARTINEZ'),
       ('94234735', null, null, true, '', '', 'ROBERTO VELOSO AROS', null, '', '', 'PARTNER', null, null, null, null,
        'ROBERTO VELOSO AROS'),
       ('63250023', null, null, true, '', '', 'AMALIA ITURRIAGA NEIRA', null, '', '', 'PARTNER', null, null, null, null,
        'AMALIA ITURRIAGA NEIRA'),
       ('97868425', null, null, true, '', '', 'ANIRIA ITURRIAGA NEIRA', null, '', '', 'PARTNER', null, null, null, null,
        'ANIRIA ITURRIAGA NEIRA'),
       ('72328728', null, null, true, '', '', 'JUANA HERNANDEZ ORTIZ', null, '', '', 'PARTNER', null, null, null, null,
        'JUANA HERNANDEZ ORTIZ'),
       ('67306759', null, null, true, '', '', 'EDUARDO VYHMEISTER HECHENEIETNERT', null, '', '', 'PARTNER', null, null,
        null, null, 'EDUARDO VYHMEISTER HECHENEIETNERT'),
       ('155306785', null, null, true, '', '', 'CARLOS OSORIO OLAVARRIA', null, '', '', 'PARTNER', null, null, null,
        null, 'CARLOS OSORIO OLAVARRIA'),
       ('75606044', null, null, true, '', '', 'JUAN CARLOS OSORIO TOLEDO', null, '', '', 'PARTNER', null, null, null,
        null, 'JUAN CARLOS OSORIO TOLEDO'),
       ('28089759', null, null, true, '', '', 'DINA QUINTANA OYARZO', null, '', '', 'PARTNER', null, null, null, null,
        'DINA QUINTANA OYARZO'),
       ('107726675', null, null, true, '', '', 'BELISIA BARRIA CARRILLO', null, '', '', 'PARTNER', null, null, null,
        null, 'BELISIA BARRIA CARRILLO'),
       ('7353660K', null, null, true, '', '', 'LUCREICIAS CONTRERAS OCHOA', null, '', '', 'PARTNER', null, null, null,
        null, 'LUCREICIAS CONTRERAS OCHOA'),
       ('91589818', null, null, true, '', '', 'ALBERTO COSIMO MATUS', null, '', '', 'PARTNER', null, null, null, null,
        'ALBERTO COSIMO MATUS'),
       ('45482308', null, null, true, '', '', 'BERNARDO CEBALLOS SAN MARTIN', null, '', '', 'PARTNER', null, null, null,
        null, 'BERNARDO CEBALLOS SAN MARTIN'),
       ('73729769', null, null, true, '', '', 'FLORENTINA NEIRA CARDENAS', null, '', '', 'PARTNER', null, null, null,
        null, 'FLORENTINA NEIRA CARDENAS'),
       ('41325275', null, null, true, '', '', 'ELIANA AZOCAR GALLARDO', null, '', '', 'PARTNER', null, null, null, null,
        'ELIANA AZOCAR GALLARDO'),
       ('42359998', null, null, true, '', '', 'MANUEL LIZAMA SOTO', null, '', '', 'PARTNER', null, null, null, null,
        'MANUEL LIZAMA SOTO'),
       ('96247761', null, null, true, '', '', 'TERESA LORCA MORAGA', null, '', '', 'PARTNER', null, null, null, null,
        'TERESA LORCA MORAGA'),
       ('45553507', null, null, true, '', '', 'NELLY MUÑOZ MANCILLA', null, '', '', 'PARTNER', null, null, null, null,
        'NELLY MUÑOZ MANCILLA'),
       ('52319706', null, null, true, '', '', 'GUILLERMO CARRASCO CARRASCO', null, '', '', 'PARTNER', null, null, null,
        null, 'GUILLERMO CARRASCO CARRASCO'),
       ('79513113', null, null, true, '', '', 'PEDRO BURGOS NAVARRO', null, '', '', 'PARTNER', null, null, null, null,
        'PEDRO BURGOS NAVARRO'),
       ('86983885', null, null, true, '', '', 'EDUARDO CHAVEZ MATAMALA', null, '', '', 'PARTNER', null, null, null,
        null, 'EDUARDO CHAVEZ MATAMALA'),
       ('51386558', null, null, true, '', '', 'MARIA POBLETE CAMPOS', null, '', '', 'PARTNER', null, null, null, null,
        'MARIA POBLETE CAMPOS'),
       ('142805855', null, null, true, '', '', 'ARIEL NORAMBUENA FERNANDEZ', null, '', '', 'PARTNER', null, null, null,
        null, 'ARIEL NORAMBUENA FERNANDEZ'),
       ('11324576K', null, null, true, '', '', 'OSCAR JAU JEREZ', null, '', '', 'PARTNER', null, null, null, null,
        'OSCAR JAU JEREZ'),
       ('55987785', null, null, true, '', '', 'FRANCISCO PALMA BARRIA', null, '', '', 'PARTNER', null, null, null, null,
        'FRANCISCO PALMA BARRIA'),
       ('53849261', null, null, true, '', '', 'JUAN UCHAL CASTILLO', null, '', '', 'PARTNER', null, null, null, null,
        'JUAN UCHAL CASTILLO'),
       ('90133438', null, null, true, '', '', 'SERAFIN MATAMALA ÑANCO', null, '', '', 'PARTNER', null, null, null, null,
        'SERAFIN MATAMALA ÑANCO'),
       ('93050517', null, null, true, '', '', 'CECILIA MATAMALA ÑANCO', null, '', '', 'PARTNER', null, null, null, null,
        'CECILIA MATAMALA ÑANCO'),
       ('51520483', null, null, true, '', '', 'MARTA CASTRO VILLEGAS', null, '', '', 'PARTNER', null, null, null, null,
        'MARTA CASTRO VILLEGAS'),
       ('115920472', null, null, true, '', '', 'MARGARITA CASTRO VILLEGAS', null, '', '', 'PARTNER', null, null, null,
        null, 'MARGARITA CASTRO VILLEGAS'),
       ('6211844K', null, null, true, '', '', 'FRANCISCO MUÑOZ VELASQUEZ', null, '', '', 'PARTNER', null, null, null,
        null, 'FRANCISCO MUÑOZ VELASQUEZ'),
       ('78306505', null, null, true, '', '', 'MARICARMEN ARNALDI KLASSING', null, '', '', 'PARTNER', null, null, null,
        null, 'MARICARMEN ARNALDI KLASSING'),
       ('94353025', null, null, true, '', '', 'MARIA BUSTOS PINEDA', null, '', '', 'PARTNER', null, null, null, null,
        'MARIA BUSTOS PINEDA'),
       ('54137796', null, null, true, '', '', 'IRENE HERNANDEZ MELLA', null, '', '', 'PARTNER', null, null, null, null,
        'IRENE HERNANDEZ MELLA'),
       ('110636962', null, null, true, '', '', 'CECILIA ROJAS VELASUQEZ', null, '', '', 'PARTNER', null, null, null,
        null, 'CECILIA ROJAS VELASUQEZ'),
       ('84191159', null, null, true, '', '', 'ANATOLIO NAVARRO LOPEZ', null, '', '', 'PARTNER', null, null, null, null,
        'ANATOLIO NAVARRO LOPEZ'),
       ('77296093', null, null, true, '', '', 'JORGE RITTER LILLO', null, '', '', 'PARTNER', null, null, null, null,
        'JORGE RITTER LILLO'),
       ('113242787', null, null, true, '', '', 'JAIME CONTRERAS GONZALEZ', null, '', '', 'PARTNER', null, null, null,
        null, 'JAIME CONTRERAS GONZALEZ'),
       ('102564529', null, null, true, '', '', 'SANDOR BRAVO ROJAS', null, '', '', 'PARTNER', null, null, null, null,
        'SANDOR BRAVO ROJAS'),
       ('87234584', null, null, true, '', '', 'HELIA PEREZ AGUILAR', null, '', '', 'PARTNER', null, null, null, null,
        'HELIA PEREZ AGUILAR'),
       ('78774908', null, null, true, '', '', 'HEBER ZUÑIGA ARIAS', null, '', '', 'PARTNER', null, null, null, null,
        'HEBER ZUÑIGA ARIAS'),
       ('135196711', null, null, true, '', '', 'MAURICIO MARTEL SANDOVAL', null, '', '', 'PARTNER', null, null, null,
        null, 'MAURICIO MARTEL SANDOVAL'),
       ('481753481', null, null, true, '', '', 'WILLIAM GRANT HUGHES', null, '', '', 'PARTNER', null, null, null, null,
        'WILLIAM GRANT HUGHES'),
       ('82547126', null, null, true, '', '', 'MARIANELA GATICA NAVARRETE', null, '', '', 'PARTNER', null, null, null,
        null, 'MARIANELA GATICA NAVARRETE'),
       ('35427414', null, null, true, '', '', 'ALICIA DEL RIO CORTES', null, '', '', 'PARTNER', null, null, null, null,
        'ALICIA DEL RIO CORTES'),
       ('59852787', null, null, true, '', '', 'ADRIANA URIBE SEPULVEDA', null, '', '', 'PARTNER', null, null, null,
        null, 'ADRIANA URIBE SEPULVEDA'),
       ('55160503', null, null, true, '', '', 'LUIS URIBE SEPULVEDA', null, '', '', 'PARTNER', null, null, null, null,
        'LUIS URIBE SEPULVEDA'),
       ('49100795', null, null, true, '', '', 'NIBALDO ROCCO SEPULVEDA', null, '', '', 'PARTNER', null, null, null,
        null, 'NIBALDO ROCCO SEPULVEDA'),
       ('93347501', null, null, true, '', '', 'CESAR PEREZ SEPULVEDA', null, '', '', 'PARTNER', null, null, null, null,
        'CESAR PEREZ SEPULVEDA'),
       ('6636920K', null, null, true, '', '', 'PEDRO MATUS ULLOA', null, '', '', 'PARTNER', null, null, null, null,
        'PEDRO MATUS ULLOA'),
       ('81908281', null, null, true, '', '', 'ENZO MUÑOZ NEIRA', null, '', '', 'PARTNER', null, null, null, null,
        'ENZO MUÑOZ NEIRA'),
       ('72256379', null, null, true, '', '', 'PROSPERINA ARANEDA', null, '', '', 'PARTNER', null, null, null, null,
        'PROSPERINA ARANEDA'),
       ('84956066', null, null, true, '', '', 'TEODORA LAVADOS', null, '', '', 'PARTNER', null, null, null, null,
        'TEODORA LAVADOS'),
       ('8759582K', null, null, true, '', '', 'MARITZA LAVADO SEGOVIA', null, '', '', 'PARTNER', null, null, null, null,
        'MARITZA LAVADO SEGOVIA'),
       ('52694302', null, null, true, '', '', 'JAIME SEPULVEDA COGNIAN', null, '', '', 'PARTNER', null, null, null,
        null, 'JAIME SEPULVEDA COGNIAN'),
       ('48432271', null, null, true, '', '', 'IVES BENAVIDES AGÜERO', null, '', '', 'PARTNER', null, null, null, null,
        'IVES BENAVIDES AGÜERO'),
       ('106416818', null, null, true, '', '', 'PAULINA ALTAMIRANO VALDEBENITO', null, '', '', 'PARTNER', null, null,
        null, null, 'PAULINA ALTAMIRANO VALDEBENITO'),
       ('106936498', null, null, true, '', '', 'MARIZTZA ROJAS CIFUENTES', null, '', '', 'PARTNER', null, null, null,
        null, 'MARIZTZA ROJAS CIFUENTES'),
       ('5505116K', null, null, true, '', '', 'HUGO SUAZO URRA', null, '', '', 'PARTNER', null, null, null, null,
        'HUGO SUAZO URRA'),
       ('38578863', null, null, true, '', '', 'RENATO REINOSO RIQUELME', null, '', '', 'PARTNER', null, null, null,
        null, 'RENATO REINOSO RIQUELME'),
       ('90762338', null, null, true, '', '', 'ARIEL ULLOA BRAVO', null, '', '', 'PARTNER', null, null, null, null,
        'ARIEL ULLOA BRAVO'),
       ('135226726', null, null, true, '', '', 'CRISTIAN BARRIA MUÑOZ', null, '', '', 'PARTNER', null, null, null, null,
        'CRISTIAN BARRIA MUÑOZ'),
       ('99685344', null, null, true, '', '', 'MIRYAM DEL ROSARIO OSORIO', null, '', '', 'PARTNER', null, null, null,
        null, 'MIRYAM DEL ROSARIO OSORIO'),
       ('125121136', null, null, true, '', '', 'MAURICIO CASTRO VALDIVIA', null, '', '', 'PARTNER', null, null, null,
        null, 'MAURICIO CASTRO VALDIVIA'),
       ('75696175', null, null, true, '', '', 'MARIA RODRIGUEZ CALISTO', null, '', '', 'PARTNER', null, null, null,
        null, 'MARIA RODRIGUEZ CALISTO'),
       ('73318092', null, null, true, '', '', 'JAIME OYARZUN HESS', null, '', '', 'PARTNER', null, null, null, null,
        'JAIME OYARZUN HESS'),
       ('153165955', null, null, true, '', '', 'MATIAS MONTANER TRINCAO', null, '', '', 'PARTNER', null, null, null,
        null, 'MATIAS MONTANER TRINCAO'),
       ('7454620K', null, null, true, '', '', 'SOLIDINA VARGAS FERNANDEZ', null, '', '', 'PARTNER', null, null, null,
        null, 'SOLIDINA VARGAS FERNANDEZ'),
       ('104086551', null, null, true, '', '', 'ALICIA ÑANCO UCHAL', null, '', '', 'PARTNER', null, null, null, null,
        'ALICIA ÑANCO UCHAL'),
       ('48642551', null, null, true, '', '', 'ALMA MORA SEPULVEDA', null, '', '', 'PARTNER', null, null, null, null,
        'ALMA MORA SEPULVEDA'),
       ('95528767', null, null, true, '', '', 'ANGELICA GONZALEZ GUAJARDO', null, '', '', 'PARTNER', null, null, null,
        null, 'ANGELICA GONZALEZ GUAJARDO'),
       ('47205905', null, null, true, '', '', 'CARLOS PEREZ CASTRO', null, '', '', 'PARTNER', null, null, null, null,
        'CARLOS PEREZ CASTRO'),
       ('86112426', null, null, true, '', '', 'SONIA MARZOTT CARDENAS', null, '', '', 'PARTNER', null, null, null, null,
        'SONIA MARZOTT CARDENAS'),
       ('67160045', null, null, true, '', '', 'MARIA MOLINA VERA', null, '', '', 'PARTNER', null, null, null, null,
        'MARIA MOLINA VERA'),
       ('105437943', null, null, true, '', '', 'MARIGEN SANTIBAÑEZ PEREZ', null, '', '', 'PARTNER', null, null, null,
        null, 'MARIGEN SANTIBAÑEZ PEREZ'),
       ('49395892', null, null, true, '', '', 'ELCIDE BUSTAMANTE COLIPAN', null, '', '', 'PARTNER', null, null, null,
        null, 'ELCIDE BUSTAMANTE COLIPAN'),
       ('8251158K', null, null, true, '', '', 'HAROLDO JEREZ ROMAN', null, '', '', 'PARTNER', null, null, null, null,
        'HAROLDO JEREZ ROMAN'),
       ('72426797', null, null, true, '', '', 'JOSE MARTINEZ JARAMILLO', null, '', '', 'PARTNER', null, null, null,
        null, 'JOSE MARTINEZ JARAMILLO'),
       ('56800182', null, null, true, '', '', 'ALFREDO MEZA CHAVEZ', null, '', '', 'PARTNER', null, null, null, null,
        'ALFREDO MEZA CHAVEZ'),
       ('42175056', null, null, true, '', '', 'ALIRO CARCAMO ÑANCO', null, '', '', 'PARTNER', null, null, null, null,
        'ALIRO CARCAMO ÑANCO'),
       ('66561194', null, null, true, '', '', 'ARTURO OJEDA VARGAS', null, '', '', 'PARTNER', null, null, null, null,
        'ARTURO OJEDA VARGAS'),
       ('64218263', null, null, true, '', '', 'LEOPOLDO VIDAL GONZALEZ', null, '', '', 'PARTNER', null, null, null,
        null, 'LEOPOLDO VIDAL GONZALEZ'),
       ('88758366', null, null, true, '', '', 'JEANETTE CARRILLO OBANDO', null, '', '', 'PARTNER', null, null, null,
        null, 'JEANETTE CARRILLO OBANDO'),
       ('140826405', null, null, true, '', '', 'BORIS BARRIA ASENJO', null, '', '', 'PARTNER', null, null, null, null,
        'BORIS BARRIA ASENJO'),
       ('59393928', null, null, true, '', '', 'JUAN ESCOBAR VENEGAS', null, '', '', 'PARTNER', null, null, null, null,
        'JUAN ESCOBAR VENEGAS'),
       ('131172419', null, null, true, '', '', 'VERONICA DIAZ MARTINEZ', null, '', '', 'PARTNER', null, null, null,
        null, 'VERONICA DIAZ MARTINEZ'),
       ('62398949', null, null, true, '', '', 'MARIA ANCAO ANCAO', null, '', '', 'PARTNER', null, null, null, null,
        'MARIA ANCAO ANCAO'),
       ('104612849', null, null, true, '', '', 'VERONICA GONZALEZ', null, '', '', 'PARTNER', null, null, null, null,
        'VERONICA GONZALEZ'),
       ('89283795', null, null, true, '', '', 'NORMA CONTRERAS GONZALEZ', null, '', '', 'PARTNER', null, null, null,
        null, 'NORMA CONTRERAS GONZALEZ'),
       ('73519268', null, null, true, '', '', 'GERMAN HENRIQUEZ CHANDIA', null, '', '', 'PARTNER', null, null, null,
        null, 'GERMAN HENRIQUEZ CHANDIA'),
       ('36695765', null, null, true, '', '', 'ANIBAL ÑANCO POZAS', null, '', '', 'PARTNER', null, null, null, null,
        'ANIBAL ÑANCO POZAS'),
       ('79296384', null, null, true, '', '', 'PEDRO ANCAO ANTILLANCA', null, '', '', 'PARTNER', null, null, null, null,
        'PEDRO ANCAO ANTILLANCA'),
       ('115925547', null, null, true, '', '', 'MARIA MIRANDA AGÜERO', null, '', '', 'PARTNER', null, null, null, null,
        'MARIA MIRANDA AGÜERO'),
       ('68888077', null, null, true, '', '', 'MARINA ANCAO ANTILLANCA', null, '', '', 'PARTNER', null, null, null,
        null, 'MARINA ANCAO ANTILLANCA'),
       ('8657718', null, null, true, '', '', 'SANTIAGO ANCAO ÑANCO', null, '', '', 'PARTNER', null, null, null, null,
        'SANTIAGO ANCAO ÑANCO'),
       ('71429229', null, null, true, '', '', 'SAMUEL CHANDIA HUALA', null, '', '', 'PARTNER', null, null, null, null,
        'SAMUEL CHANDIA HUALA'),
       ('142810271', null, null, true, '', '', 'CELSO ANTILAF ORDOÑEZ', null, '', '', 'PARTNER', null, null, null, null,
        'CELSO ANTILAF ORDOÑEZ'),
       ('143845885', null, null, true, '', '', 'MANUEL ORTIZ CANALES', null, '', '', 'PARTNER', null, null, null, null,
        'MANUEL ORTIZ CANALES'),
       ('51571592', null, null, true, '', '', 'RAUL HUENULEF ALVAREZ', null, '', '', 'PARTNER', null, null, null, null,
        'RAUL HUENULEF ALVAREZ'),
       ('8623341K', null, null, true, '', '', 'JUANA AGÜERO  PARADA', null, '', '', 'PARTNER', null, null, null, null,
        'JUANA AGÜERO  PARADA'),
       ('76650365', null, null, true, '', '', 'ARIEL SOTOMAYOR DIAZ', null, '', '', 'PARTNER', null, null, null, null,
        'ARIEL SOTOMAYOR DIAZ'),
       ('106253102', null, null, true, '', '', 'FERNANDO AGUAYO RODRIGUEZ', null, '', '', 'PARTNER', null, null, null,
        null, 'FERNANDO AGUAYO RODRIGUEZ'),
       ('6858275K', null, null, true, '', '', 'SYLVIA ESPINOZA ORELLANA', null, '', '', 'PARTNER', null, null, null,
        null, 'SYLVIA ESPINOZA ORELLANA'),
       ('77282378', null, null, true, '', '', 'BERTY ROSS BRINTRUP', null, '', '', 'PARTNER', null, null, null, null,
        'BERTY ROSS BRINTRUP'),
       ('66896323', null, null, true, '', '', 'FEDERICO E', null, '', '', 'PARTNER', null, null, null, null,
        'FEDERICO E'),
       ('90046691', null, null, true, '', '', 'EDUARDO HERNANDEZ', null, '', '', 'PARTNER', null, null, null, null,
        'EDUARDO HERNANDEZ'),
       ('7233728K', null, null, true, '', '', 'RICARDO LEFENDA NUSS', null, '', '', 'PARTNER', null, null, null, null,
        'RICARDO LEFENDA NUSS'),
       ('117039498', null, null, true, '', '', 'MARCELO JARAMILLO DELGADO', null, '', '', 'PARTNER', null, null, null,
        null, 'MARCELO JARAMILLO DELGADO'),
       ('66863107', null, null, true, '', '', 'SEBASTIAN OYARZUN  ARAVENA', null, '', '', 'PARTNER', null, null, null,
        null, 'SEBASTIAN OYARZUN  ARAVENA'),
       ('65659298', null, null, true, '', '', 'ADELINA LARA LARA', null, '', '', 'PARTNER', null, null, null, null,
        'ADELINA LARA LARA'),
       ('138466779', null, null, true, '', '', 'MARCOS TORRES MARGUART', null, '', '', 'PARTNER', null, null, null,
        null, 'MARCOS TORRES MARGUART'),
       ('80173636', null, null, true, '', '', 'ANGELA CARRASCO VARGAS', null, '', '', 'PARTNER', null, null, null, null,
        'ANGELA CARRASCO VARGAS'),
       ('101270009', null, null, true, '', '', 'JAIME ANDRADE', null, '', '', 'PARTNER', null, null, null, null,
        'JAIME ANDRADE'),
       ('144058011', null, null, true, '', '', 'ANGELICA PIZARRO MILLALONCO', null, '', '', 'PARTNER', null, null, null,
        null, 'ANGELICA PIZARRO MILLALONCO'),
       ('30221451', null, null, true, '', '', 'ISAIAS AVILA MILLAUHAL', null, '', '', 'PARTNER', null, null, null, null,
        'ISAIAS AVILA MILLAUHAL'),
       ('74055222', null, null, true, '', '', 'JOSE SALAS MONTAÑA', null, '', '', 'PARTNER', null, null, null, null,
        'JOSE SALAS MONTAÑA'),
       ('93080521', null, null, true, '', '', 'ANA JARAMILLO ALVAREZ', null, '', '', 'PARTNER', null, null, null, null,
        'ANA JARAMILLO ALVAREZ'),
       ('12130449K', null, null, true, '', '', 'PIERRE BARSOM ESSO', null, '', '', 'PARTNER', null, null, null, null,
        'PIERRE BARSOM ESSO'),
       ('70207176', null, null, true, '', '', 'MISAEL MEZA ZAMBRANO', null, '', '', 'PARTNER', null, null, null, null,
        'MISAEL MEZA ZAMBRANO'),
       ('70762838', null, null, true, '', '', 'ISMENIA PACHECO ARANGUIZ', null, '', '', 'PARTNER', null, null, null,
        null, 'ISMENIA PACHECO ARANGUIZ'),
       ('73212391', null, null, true, '', '', 'CELESTE BARRERA CHAVEZ', null, '', '', 'PARTNER', null, null, null, null,
        'CELESTE BARRERA CHAVEZ'),
       ('48269699', null, null, true, '', '', 'ELIA MUÑOZ MORALES', null, '', '', 'PARTNER', null, null, null, null,
        'ELIA MUÑOZ MORALES'),
       ('72444957', null, null, true, '', '', 'EDGARDO FERNANDEZ MATUS', null, '', '', 'PARTNER', null, null, null,
        null, 'EDGARDO FERNANDEZ MATUS'),
       ('86960184', null, null, true, '', '', 'ANSELMO INALEF IBARRA', null, '', '', 'PARTNER', null, null, null, null,
        'ANSELMO INALEF IBARRA'),
       ('59186973', null, null, true, '', '', 'MERI CASTAÑEDA SILVA', null, '', '', 'PARTNER', null, null, null, null,
        'MERI CASTAÑEDA SILVA'),
       ('114258067', null, null, true, '', '', 'GERMAN GAMONAL VALLEJOS', null, '', '', 'PARTNER', null, null, null,
        null, 'GERMAN GAMONAL VALLEJOS'),
       ('91851873', null, null, true, '', '', 'GLORIA MUÑOZ AYANCAN', null, '', '', 'PARTNER', null, null, null, null,
        'GLORIA MUÑOZ AYANCAN'),
       ('96096275', null, null, true, '', '', 'CARLOS PUGA SUAREZ', null, '', '', 'PARTNER', null, null, null, null,
        'CARLOS PUGA SUAREZ'),
       ('170349105', null, null, true, '', '', 'CLAUDIO GONZALEZ ALMONACID', null, '', '', 'PARTNER', null, null, null,
        null, 'CLAUDIO GONZALEZ ALMONACID'),
       ('82587004', null, null, true, '', '', 'LUIS RETAMAL VARGAS', null, '', '', 'PARTNER', null, null, null, null,
        'LUIS RETAMAL VARGAS'),
       ('163204312', null, null, true, '', '', 'TERESA ROSS SALDIVIA', null, '', '', 'PARTNER', null, null, null, null,
        'TERESA ROSS SALDIVIA'),
       ('6644399K', null, null, true, '', '', 'VERONICA ROSS BRINTRUP', null, '', '', 'PARTNER', null, null, null, null,
        'VERONICA ROSS BRINTRUP'),
       ('92208729', null, null, true, '', '', 'MARIA QUIÑONES KUKENSHONER', null, '', '', 'PARTNER', null, null, null,
        null, 'MARIA QUIÑONES KUKENSHONER'),
       ('40725938', null, null, true, '', '', 'HAROLDO CARCAMO ÑANCO', null, '', '', 'PARTNER', null, null, null, null,
        'HAROLDO CARCAMO ÑANCO'),
       ('93097157', null, null, true, '', '', 'DANISLENIO ZAMBRANO PEREZ', null, '', '', 'PARTNER', null, null, null,
        null, 'DANISLENIO ZAMBRANO PEREZ'),
       ('91072858', null, null, true, '', '', 'LEONARDO HERMOSILLA BRAVO', null, '', '', 'PARTNER', null, null, null,
        null, 'LEONARDO HERMOSILLA BRAVO'),
       ('61699309', null, null, true, '', '', 'ELIANA BARRERA RODRIGUEZ', null, '', '', 'PARTNER', null, null, null,
        null, 'ELIANA BARRERA RODRIGUEZ'),
       ('152936494', null, null, true, '', '', 'ANDREA URIBE AGUIRRE', null, '', '', 'PARTNER', null, null, null, null,
        'ANDREA URIBE AGUIRRE'),
       ('57260475', null, null, true, '', '', 'PEDRO VELASQUEZ HERNANDEZ ', null, '', '', 'PARTNER', null, null, null,
        null, 'PEDRO VELASQUEZ HERNANDEZ '),
       ('113254033', null, null, true, '', '', 'NEEMIAS ROJAS RODRIGUEZ', null, '', '', 'PARTNER', null, null, null,
        null, 'NEEMIAS ROJAS RODRIGUEZ'),
       ('68994926', null, null, true, '', '', 'ELIANA CARCAMO FRIAS', null, '', '', 'PARTNER', null, null, null, null,
        'ELIANA CARCAMO FRIAS'),
       ('129945001', null, null, true, '', '', 'CRISTIAN BARRERA VELASQUEZ', null, '', '', 'PARTNER', null, null, null,
        null, 'CRISTIAN BARRERA VELASQUEZ'),
       ('107083901', null, null, true, '', '', 'YESSICA ASENJO VARGAS', null, '', '', 'PARTNER', null, null, null, null,
        'YESSICA ASENJO VARGAS'),
       ('106877262', null, null, true, '', '', 'RODOLFO PEREZ  OLAVARRIA', null, '', '', 'PARTNER', null, null, null,
        null, 'RODOLFO PEREZ  OLAVARRIA'),
       ('81041024', null, null, true, '', '', 'LUIS ITURRIAGA TRIVIÑOS', null, '', '', 'PARTNER', null, null, null,
        null, 'LUIS ITURRIAGA TRIVIÑOS'),
       ('120545558', null, null, true, '', '', 'SAUL CARRASCO BRICEÑO', null, '', '', 'PARTNER', null, null, null, null,
        'SAUL CARRASCO BRICEÑO'),
       ('10442516K', null, null, true, '', '', 'DAVID JUVENAL DEL RIO SARALEGUI', null, '', '', 'PARTNER', null, null,
        null, null, 'DAVID JUVENAL DEL RIO SARALEGUI'),
       ('54087403', null, null, true, '', '', 'MANUEL CARRILLO CONTRERAS', null, '', '', 'PARTNER', null, null, null,
        null, 'MANUEL CARRILLO CONTRERAS'),
       ('68888034', null, null, true, '', '', 'HUGO CORONA BARRIENTOS', null, '', '', 'PARTNER', null, null, null, null,
        'HUGO CORONA BARRIENTOS'),
       ('94598575', null, null, true, '', '', 'GLADYS SILVA AVILA', null, '', '', 'PARTNER', null, null, null, null,
        'GLADYS SILVA AVILA'),
       ('57650672', null, null, true, '', '', 'RODRIGO BASTIDAS OBANDO', null, '', '', 'PARTNER', null, null, null,
        null, 'RODRIGO BASTIDAS OBANDO'),
       ('62543221', null, null, true, '', '', 'MARIA ESCRIBANO DE LA FUENTE', null, '', '', 'PARTNER', null, null, null,
        null, 'MARIA ESCRIBANO DE LA FUENTE'),
       ('37911828', null, null, true, '', '', 'MARIANA MAXIMOWITZ SCHULZ', null, '', '', 'PARTNER', null, null, null,
        null, 'MARIANA MAXIMOWITZ SCHULZ'),
       ('89928826', null, null, true, '', '', 'RENE ANDRADE NIKLITSCHEK', null, '', '', 'PARTNER', null, null, null,
        null, 'RENE ANDRADE NIKLITSCHEK'),
       ('32232817', null, null, true, '', '', 'BENIGNO SARALEGUI ALVAR', null, '', '', 'PARTNER', null, null, null,
        null, 'BENIGNO SARALEGUI ALVAR'),
       ('73222958', null, null, true, '', '', 'ELSA ARENS SALGADO', null, '', '', 'PARTNER', null, null, null, null,
        'ELSA ARENS SALGADO'),
       ('78793678', null, null, true, '', '', 'JORGE BRUNNSCHWEILER RODRIGUEZ', null, '', '', 'PARTNER', null, null,
        null, null, 'JORGE BRUNNSCHWEILER RODRIGUEZ'),
       ('37677183', null, null, true, '', '', 'RAUL CORDONES ÑANCUCHECO', null, '', '', 'PARTNER', null, null, null,
        null, 'RAUL CORDONES ÑANCUCHECO'),
       ('84832375', null, null, true, '', '', 'ARTURO CORONA BARRIENTOS', null, '', '', 'PARTNER', null, null, null,
        null, 'ARTURO CORONA BARRIENTOS'),
       ('56838511', null, null, true, '', '', 'JOSE VALLEJOS MOLINA', null, '', '', 'PARTNER', null, null, null, null,
        'JOSE VALLEJOS MOLINA'),
       ('95508561', null, null, true, '', '', 'NOEL GONZALEZ TORRES', null, '', '', 'PARTNER', null, null, null, null,
        'NOEL GONZALEZ TORRES'),
       ('64085557', null, null, true, '', '', 'MAURICIO LOAYZA OJEDA', null, '', '', 'PARTNER', null, null, null, null,
        'MAURICIO LOAYZA OJEDA'),
       ('108385855', null, null, true, '', '', 'MONICA CARRILLO ABARZUA', null, '', '', 'PARTNER', null, null, null,
        null, 'MONICA CARRILLO ABARZUA'),
       ('108337257', null, null, true, '', '', 'ALEX WOMPNER GALLARDO', null, '', '', 'PARTNER', null, null, null, null,
        'ALEX WOMPNER GALLARDO'),
       ('84139467', null, null, true, '', '', 'IRMA SOTO HERNANDEZ', null, '', '', 'PARTNER', null, null, null, null,
        'IRMA SOTO HERNANDEZ'),
       ('90915428', null, null, true, '', '', 'MARIA CHAF ALVAREZ', null, '', '', 'PARTNER', null, null, null, null,
        'MARIA CHAF ALVAREZ'),
       ('115907883', null, null, true, '', '', 'RICARDO URIBE SEPULVEDA', null, '', '', 'PARTNER', null, null, null,
        null, 'RICARDO URIBE SEPULVEDA'),
       ('59307339', null, null, true, '', '', 'VICTOR MATHIAS MORA', null, '', '', 'PARTNER', null, null, null, null,
        'VICTOR MATHIAS MORA'),
       ('105183992', null, null, true, '', '', 'CLAUDIO  MONTECINOS', null, '', '', 'PARTNER', null, null, null, null,
        'CLAUDIO  MONTECINOS'),
       ('122010279', null, null, true, '', '', 'ROSA GALLARDO NAVARRETE', null, '', '', 'PARTNER', null, null, null,
        null, 'ROSA GALLARDO NAVARRETE');

INSERT INTO public.watermeter (id, created, description, diameter, sector, serial, status, trademark, updated,
                               client_rut)
VALUES (1, '2021-11-08 22:19:13.042000', '', 'THIRTEEN', null, 9397, 'NEW', '', '2021-11-08 22:19:13.042000',
        '66369404'),
       (2, '2021-11-08 22:19:13.042000', '', 'THIRTEEN', null, 16919, 'NEW', '', '2021-11-08 22:19:13.042000',
        '24842711'),
       (3, '2021-11-08 22:19:13.042000', '', 'THIRTEEN', null, 4848, 'NEW', '', '2021-11-08 22:19:13.042000',
        '67024427'),
       (4, '2021-11-08 22:19:13.043000', '', 'THIRTEEN', null, 21056, 'NEW', '', '2021-11-08 22:19:13.043000',
        '64085557'),
       (5, '2021-11-08 22:19:13.049000', '', 'THIRTEEN', null, 67711, 'NEW', '', '2021-11-08 22:19:13.049000',
        '77034358'),
       (7, '2021-11-08 22:19:13.060000', '', 'THIRTEEN', null, 4119, 'NEW', '', '2021-11-08 22:19:13.060000',
        '138468666'),
       (8, '2021-11-08 22:19:13.060000', '', 'THIRTEEN', null, 3286, 'NEW', '', '2021-11-08 22:19:13.060000', null),
       (9, '2021-11-08 22:19:13.063000', '', 'NINETEEN', null, 52758, 'NEW', '', '2021-11-08 22:19:13.063000',
        '91089904'),
       (10, '2021-11-08 22:19:13.070000', '', 'THIRTEEN', null, 122611, 'NEW', '', '2021-11-08 22:19:13.070000',
        '68598494'),
       (11, '2021-11-08 22:19:13.070000', '', 'THIRTEEN', null, 16817, 'NEW', '', '2021-11-08 22:19:13.070000', null),
       (12, '2021-11-08 22:19:13.072000', '', 'THIRTEEN', null, 20971, 'NEW', '', '2021-11-08 22:19:13.072000',
        '108385855'),
       (13, '2021-11-08 22:19:13.072000', '', 'THIRTEEN', null, 1334, 'NEW', '', '2021-11-08 22:19:13.072000',
        '59196707'),
       (14, '2021-11-08 22:19:13.076000', '', 'THIRTEEN', null, 70366, 'NEW', '', '2021-11-08 22:19:13.076000',
        '108708026'),
       (15, '2021-11-08 22:19:13.078000', '', 'THIRTEEN', null, 11335, 'NEW', '', '2021-11-08 22:19:13.078000', null),
       (16, '2021-11-08 22:19:13.080000', '', 'NINETEEN', null, 8867, 'NEW', '', '2021-11-08 22:19:13.080000',
        '65321998'),
       (18, '2021-11-08 22:19:13.084000', '', 'THIRTEEN', null, 40362, 'NEW', '', '2021-11-08 22:19:13.084000',
        '33850352'),
       (19, '2021-11-08 22:19:13.084000', '', 'THIRTEEN', null, 78100, 'NEW', '', '2021-11-08 22:19:13.084000', null),
       (20, '2021-11-08 22:19:13.088000', '', 'THIRTEEN', null, 89702, 'NEW', '', '2021-11-08 22:19:13.088000',
        '108337257'),
       (21, '2021-11-08 22:19:13.093000', '', 'NINETEEN', null, 16186, 'NEW', '', '2021-11-08 22:19:13.093000',
        '106415927'),
       (22, '2021-11-08 22:19:13.095000', '', 'THIRTEEN', null, 165247, 'NEW', '', '2021-11-08 22:19:13.095000', null),
       (23, '2021-11-08 22:19:13.096000', '', 'THIRTEEN', null, 83298, 'NEW', '', '2021-11-08 22:19:13.096000',
        '49614772'),
       (24, '2021-11-08 22:19:13.096000', '', 'THIRTEEN', null, 21103, 'NEW', '', '2021-11-08 22:19:13.096000',
        '43992376'),
       (25, '2021-11-08 22:19:13.104000', '', 'THIRTEEN', null, 21084, 'NEW', '', '2021-11-08 22:19:13.104000', null),
       (26, '2021-11-08 22:19:13.105000', '', 'THIRTEEN', null, 22815, 'NEW', '', '2021-11-08 22:19:13.105000',
        '86814137'),
       (27, '2021-11-08 22:19:13.107000', '', 'THIRTEEN', null, 31400, 'NEW', '', '2021-11-08 22:19:13.107000',
        '84139467'),
       (28, '2021-11-08 22:19:13.109000', '', 'THIRTEEN', null, 100131, 'NEW', '', '2021-11-08 22:19:13.109000',
        '100197391'),
       (29, '2021-11-08 22:19:13.109000', '', 'THIRTEEN', null, 5577, 'NEW', '', '2021-11-08 22:19:13.109000',
        '161276081'),
       (30, '2021-11-08 22:19:13.109000', '', 'THIRTEEN', null, 11340, 'NEW', '', '2021-11-08 22:19:13.109000',
        '109546186'),
       (31, '2021-11-08 22:19:13.110000', '', 'THIRTEEN', null, 83296, 'NEW', '', '2021-11-08 22:19:13.110000', null),
       (32, '2021-11-08 22:19:13.117000', '', 'THIRTEEN', null, 11010, 'NEW', '', '2021-11-08 22:19:13.117000', null),
       (33, '2021-11-08 22:19:13.121000', '', 'THIRTEEN', null, 31396, 'NEW', '', '2021-11-08 22:19:13.121000',
        '90915428'),
       (34, '2021-11-08 22:19:13.121000', '', 'THIRTEEN', null, 21081, 'NEW', '', '2021-11-08 22:19:13.121000',
        '54995202'),
       (35, '2021-11-08 22:19:13.128000', '', 'THIRTEEN', null, 63739, 'NEW', '', '2021-11-08 22:19:13.128000',
        '55532281'),
       (36, '2021-11-08 22:19:13.129000', '', 'THIRTEEN', null, 21036, 'NEW', '', '2021-11-08 22:19:13.129000',
        '35423869'),
       (37, '2021-11-08 22:19:13.129000', '', 'THIRTEEN', null, 73060, 'NEW', '', '2021-11-08 22:19:13.129000',
        '64130773'),
       (38, '2021-11-08 22:19:13.132000', '', 'THIRTEEN', null, 100696, 'NEW', '', '2021-11-08 22:19:13.132000',
        '9135666K'),
       (39, '2021-11-08 22:19:13.134000', '', 'THIRTEEN', null, 11500, 'NEW', '', '2021-11-08 22:19:13.134000', null),
       (40, '2021-11-08 22:19:13.134000', '', 'THIRTEEN', null, 70959, 'NEW', '', '2021-11-08 22:19:13.134000',
        '59163981'),
       (41, '2021-11-08 22:19:13.135000', '', 'THIRTEEN', null, 31599, 'NEW', '', '2021-11-08 22:19:13.135000',
        '115907883'),
       (42, '2021-11-08 22:19:13.135000', '', 'THIRTEEN', null, 1355, 'NEW', '', '2021-11-08 22:19:13.135000', null),
       (43, '2021-11-08 22:19:13.140000', '', 'THIRTEEN', null, 78099, 'NEW', '', '2021-11-08 22:19:13.140000', null),
       (44, '2021-11-08 22:19:13.144000', '', 'THIRTEEN', null, 1280, 'NEW', '', '2021-11-08 22:19:13.144000', null),
       (45, '2021-11-08 22:19:13.144000', '', 'THIRTEEN', null, 6674, 'NEW', '', '2021-11-08 22:19:13.144000', null),
       (46, '2021-11-08 22:19:13.145000', '', 'THIRTEEN', null, 20982, 'NEW', '', '2021-11-08 22:19:13.145000',
        '44037009'),
       (47, '2021-11-08 22:19:13.153000', '', 'THIRTEEN', null, 122616, 'NEW', '', '2021-11-08 22:19:13.153000', null),
       (48, '2021-11-08 22:19:13.154000', '', 'THIRTEEN', null, 24446, 'NEW', '', '2021-11-08 22:19:13.154000',
        '59307339'),
       (49, '2021-11-08 22:19:13.155000', '', 'THIRTEEN', null, 16885, 'NEW', '', '2021-11-08 22:19:13.155000',
        '79961167'),
       (50, '2021-11-08 22:19:13.158000', '', 'THIRTEEN', null, 26708, 'NEW', '', '2021-11-08 22:19:13.158000',
        '71573966'),
       (51, '2021-11-08 22:19:13.158000', '', 'THIRTEEN', null, 20172, 'NEW', '', '2021-11-08 22:19:13.158000',
        '97250944'),
       (52, '2021-11-08 22:19:13.159000', '', 'THIRTEEN', null, 8103, 'NEW', '', '2021-11-08 22:19:13.159000', null),
       (53, '2021-11-08 22:19:13.160000', '', 'THIRTEEN', null, 73097, 'NEW', '', '2021-11-08 22:19:13.160000', null),
       (54, '2021-11-08 22:19:13.166000', '', 'THIRTEEN', null, 19455, 'NEW', '', '2021-11-08 22:19:13.166000',
        '105183992'),
       (55, '2021-11-08 22:19:13.166000', '', 'THIRTEEN', null, 21083, 'NEW', '', '2021-11-08 22:19:13.166000',
        '44975548'),
       (56, '2021-11-08 22:19:13.173000', '', 'THIRTEEN', null, 21082, 'NEW', '', '2021-11-08 22:19:13.173000', null),
       (57, '2021-11-08 22:19:13.176000', '', 'THIRTEEN', null, 20099, 'NEW', '', '2021-11-08 22:19:13.176000',
        '63275794'),
       (58, '2021-11-08 22:19:13.178000', '', 'THIRTEEN', null, 6672, 'NEW', '', '2021-11-08 22:19:13.178000',
        '110638558'),
       (59, '2021-11-08 22:19:13.178000', '', 'THIRTEEN', null, 4852, 'NEW', '', '2021-11-08 22:19:13.178000',
        '49909586'),
       (60, '2021-11-08 22:19:13.181000', '', 'THIRTEEN', null, 16886, 'NEW', '', '2021-11-08 22:19:13.181000',
        '89168449'),
       (61, '2021-11-08 22:19:13.183000', '', 'THIRTEEN', null, 11338, 'NEW', '', '2021-11-08 22:19:13.183000',
        '122010279'),
       (62, '2021-11-08 22:19:13.185000', '', 'THIRTEEN', null, 21016, 'NEW', '', '2021-11-08 22:19:13.185000',
        '66519082'),
       (63, '2021-11-08 22:19:13.189000', '', 'THIRTEEN', null, 9850, 'NEW', '', '2021-11-08 22:19:13.189000', null),
       (64, '2021-11-08 22:19:13.190000', '', 'NINETEEN', null, 2993, 'NEW', '', '2021-11-08 22:19:13.190000',
        '87914844'),
       (66, '2021-11-08 22:19:13.191000', '', 'THIRTEEN', null, 15671, 'NEW', '', '2021-11-08 22:19:13.191000',
        '61283463'),
       (67, '2021-11-08 22:19:13.194000', '', 'THIRTEEN', null, 20167, 'NEW', '', '2021-11-08 22:19:13.194000',
        '53541909'),
       (68, '2021-11-08 22:19:13.203000', '', 'NINETEEN', null, 107009132, 'NEW', '', '2021-11-08 22:19:13.203000',
        '54234783'),
       (69, '2021-11-08 22:19:13.204000', '', 'THIRTEEN', null, 11200, 'NEW', '', '2021-11-08 22:19:13.204000',
        '117099326'),
       (70, '2021-11-08 22:19:13.205000', '', 'THIRTEEN', null, 107040, 'NEW', '', '2021-11-08 22:19:13.205000',
        '76578508'),
       (71, '2021-11-08 22:19:13.207000', '', 'THIRTEEN', null, 21095, 'NEW', '', '2021-11-08 22:19:13.207000',
        '47409616'),
       (72, '2021-11-08 22:19:13.215000', '', 'THIRTEEN', null, 172003, 'NEW', '', '2021-11-08 22:19:13.215000',
        '104612849'),
       (73, '2021-11-08 22:19:13.218000', '', 'THIRTEEN', null, 40939, 'NEW', '', '2021-11-08 22:19:13.218000',
        '109241237'),
       (74, '2021-11-08 22:19:13.219000', '', 'THIRTEEN', null, 90116, 'NEW', '', '2021-11-08 22:19:13.219000',
        '71945944'),
       (75, '2021-11-08 22:19:13.219000', '', 'THIRTEEN', null, 4114, 'NEW', '', '2021-11-08 22:19:13.219000',
        '92612015'),
       (76, '2021-11-08 22:19:13.222000', '', 'THIRTEEN', null, 23798, 'NEW', '', '2021-11-08 22:19:13.222000', null),
       (77, '2021-11-08 22:19:13.222000', '', 'THIRTEEN', null, 67706, 'NEW', '', '2021-11-08 22:19:13.222000',
        '36619589'),
       (78, '2021-11-08 22:19:13.228000', '', 'THIRTEEN', null, 9008, 'NEW', '', '2021-11-08 22:19:13.228000',
        '89283795'),
       (79, '2021-11-08 22:19:13.229000', '', 'THIRTEEN', null, 30377, 'NEW', '', '2021-11-08 22:19:13.229000',
        '141570692'),
       (80, '2021-11-08 22:19:13.230000', '', 'THIRTEEN', null, 4963, 'NEW', '', '2021-11-08 22:19:13.230000',
        '89770769'),
       (81, '2021-11-08 22:19:13.231000', '', 'THIRTEEN', null, 4873, 'NEW', '', '2021-11-08 22:19:13.231000',
        '64690124'),
       (82, '2021-11-08 22:19:13.233000', '', 'THIRTEEN', null, 16708, 'NEW', '', '2021-11-08 22:19:13.233000',
        '83055847'),
       (83, '2021-11-08 22:19:13.233000', '', 'THIRTEEN', null, 56989, 'NEW', '', '2021-11-08 22:19:13.233000',
        '9067174K'),
       (84, '2021-11-08 22:19:13.237000', '', 'THIRTEEN', null, 53200, 'NEW', '', '2021-11-08 22:19:13.237000', null),
       (85, '2021-11-08 22:19:13.242000', '', 'NINETEEN', null, 20677, 'NEW', '', '2021-11-08 22:19:13.242000', null),
       (6, '2021-11-08 22:19:13.050000', '', 'THIRTEEN', 'Sur', 1764, 'NEW', 'Toyotomi', '2021-12-29 10:23:28.781000',
        '64040502'),
       (86, '2021-11-08 22:19:13.246000', '', 'THIRTEEN', null, 2167, 'NEW', '', '2021-11-08 22:19:13.246000',
        '52980046'),
       (90, '2021-11-08 22:19:13.252000', '', 'THIRTEEN', null, 1876, 'NEW', '', '2021-11-08 22:19:13.252000', null),
       (95, '2021-11-08 22:19:13.263000', '', 'THIRTEEN', null, 1384, 'NEW', '', '2021-11-08 22:19:13.263000',
        '103586569'),
       (100, '2021-11-08 22:19:13.276000', '', 'THIRTEEN', null, 67755, 'NEW', '', '2021-11-08 22:19:13.276000',
        '37603546'),
       (106, '2021-11-08 22:19:13.291000', '', 'THIRTEEN', null, 19316, 'NEW', '', '2021-11-08 22:19:13.291000',
        '107572538'),
       (112, '2021-11-08 22:19:13.302000', '', 'THIRTEEN', null, 101962, 'NEW', '', '2021-11-08 22:19:13.302000',
        '90613545'),
       (118, '2021-11-08 22:19:13.315000', '', 'NINETEEN', null, 2149, 'NEW', '', '2021-11-08 22:19:13.315000',
        '692001001'),
       (126, '2021-11-08 22:19:13.329000', '', 'TWENTY_FIVE', null, 401276, 'NEW', '', '2021-11-08 22:19:13.329000',
        '692001001'),
       (132, '2021-11-08 22:19:13.349000', '', 'TWENTY_FIVE', null, 8282, 'NEW', '', '2021-11-08 22:19:13.349000',
        '692001001'),
       (139, '2021-11-08 22:19:13.359000', '', 'THIRTEEN', null, 20990, 'NEW', '', '2021-11-08 22:19:13.359000',
        '4158579K'),
       (147, '2021-11-08 22:19:13.374000', '', 'THIRTEEN', null, 70975, 'NEW', '', '2021-11-08 22:19:13.374000',
        '74076092'),
       (155, '2021-11-08 22:19:13.388000', '', 'THIRTEEN', null, 14767, 'NEW', '', '2021-11-08 22:19:13.388000',
        '188874711'),
       (160, '2021-11-08 22:19:13.401000', '', 'NINETEEN', null, 2014, 'NEW', '', '2021-11-08 22:19:13.401000',
        '115919733'),
       (165, '2021-11-08 22:19:13.413000', '', 'THIRTEEN', null, 31047, 'NEW', '', '2021-11-08 22:19:13.413000',
        '140811947'),
       (171, '2021-11-08 22:19:13.427000', '', 'THIRTEEN', null, 22809, 'NEW', '', '2021-11-08 22:19:13.427000',
        '70678691'),
       (177, '2021-11-08 22:19:13.442000', '', 'THIRTEEN', null, 21108, 'NEW', '', '2021-11-08 22:19:13.442000',
        '152622112'),
       (182, '2021-11-08 22:19:13.453000', '', 'THIRTEEN', null, 3593, 'NEW', '', '2021-11-08 22:19:13.453000',
        '89816165'),
       (187, '2021-11-08 22:19:13.468000', '', 'THIRTEEN', null, 21110, 'NEW', '', '2021-11-08 22:19:13.468000',
        '101723216'),
       (193, '2021-11-08 22:19:13.477000', '', 'NINETEEN', null, 50173, 'NEW', '', '2021-11-08 22:19:13.477000',
        '101723216'),
       (199, '2021-11-08 22:19:13.492000', '', 'THIRTEEN', null, 8444, 'NEW', '', '2021-11-08 22:19:13.492000',
        '84613258'),
       (205, '2021-11-08 22:19:13.502000', '', 'THIRTEEN', null, 16888, 'NEW', '', '2021-11-08 22:19:13.502000',
        '47275679'),
       (209, '2021-11-08 22:19:13.516000', '', 'THIRTEEN', null, 20964, 'NEW', '', '2021-11-08 22:19:13.516000',
        '74551475'),
       (217, '2021-11-08 22:19:13.526000', '', 'THIRTEEN', null, 3220, 'NEW', '', '2021-11-08 22:19:13.526000',
        '127470464'),
       (221, '2021-11-08 22:19:13.540000', '', 'THIRTEEN', null, 30575, 'NEW', '', '2021-11-08 22:19:13.540000', null),
       (231, '2021-11-08 22:19:13.551000', '', 'THIRTEEN', null, 4120, 'NEW', '', '2021-11-08 22:19:13.551000',
        '76139814'),
       (238, '2021-11-08 22:19:13.569000', '', 'THIRTEEN', null, 67781, 'NEW', '', '2021-11-08 22:19:13.569000',
        '35404015'),
       (243, '2021-11-08 22:19:13.576000', '', 'THIRTEEN', null, 101972, 'NEW', '', '2021-11-08 22:19:13.576000',
        '5181200K'),
       (251, '2021-11-08 22:19:13.593000', '', 'NINETEEN', null, 8503, 'NEW', '', '2021-11-08 22:19:13.593000',
        '113244933'),
       (253, '2021-11-08 22:19:13.596000', '', 'THIRTEEN', null, 853, 'NEW', '', '2021-11-08 22:19:13.596000', null),
       (258, '2021-11-08 22:19:13.609000', '', 'THIRTEEN', null, 107043, 'NEW', '', '2021-11-08 22:19:13.609000',
        '44126184'),
       (260, '2021-11-08 22:19:13.617000', '', 'THIRTEEN', null, 8152, 'NEW', '', '2021-11-08 22:19:13.617000', null),
       (262, '2021-11-08 22:19:13.620000', '', 'THIRTEEN', null, 21052, 'NEW', '', '2021-11-08 22:19:13.620000', null),
       (267, '2021-11-08 22:19:13.624000', '', 'THIRTEEN', null, 54074, 'NEW', '', '2021-11-08 22:19:13.624000', null),
       (275, '2021-11-08 22:19:13.641000', '', 'THIRTEEN', null, 54069, 'NEW', '', '2021-11-08 22:19:13.641000',
        '69072593'),
       (283, '2021-11-08 22:19:13.662000', '', 'THIRTEEN', null, 21018, 'NEW', '', '2021-11-08 22:19:13.662000',
        '45835316'),
       (288, '2021-11-08 22:19:13.672000', '', 'THIRTEEN', null, 20963, 'NEW', '', '2021-11-08 22:19:13.672000',
        '49326408'),
       (294, '2021-11-08 22:19:13.686000', '', 'THIRTEEN', null, 16933, 'NEW', '', '2021-11-08 22:19:13.686000',
        '45748995'),
       (300, '2021-11-08 22:19:13.697000', '', 'THIRTEEN', null, 16916, 'NEW', '', '2021-11-08 22:19:13.697000',
        '57022531'),
       (305, '2021-11-08 22:19:13.711000', '', 'THIRTEEN', null, 16912, 'NEW', '', '2021-11-08 22:19:13.711000',
        '55930457'),
       (313, '2021-11-08 22:19:13.721000', '', 'THIRTEEN', null, 16936, 'NEW', '', '2021-11-08 22:19:13.721000',
        '43730185'),
       (319, '2021-11-08 22:19:13.736000', '', 'THIRTEEN', null, 15680, 'NEW', '', '2021-11-08 22:19:13.736000',
        '71210316'),
       (324, '2021-11-08 22:19:13.746000', '', 'THIRTEEN', null, 10009, 'NEW', '', '2021-11-08 22:19:13.746000',
        '95925316'),
       (328, '2021-11-08 22:19:13.760000', '', 'THIRTEEN', null, 68310, 'NEW', '', '2021-11-08 22:19:13.760000',
        '82339515'),
       (332, '2021-11-08 22:19:13.766000', '', 'THIRTEEN', null, 308193, 'NEW', '', '2021-11-08 22:19:13.766000', null),
       (334, '2021-11-08 22:19:13.770000', '', 'THIRTEEN', null, 21094, 'NEW', '', '2021-11-08 22:19:13.770000', null),
       (340, '2021-11-08 22:19:13.784000', '', 'THIRTEEN', null, 67709, 'NEW', '', '2021-11-08 22:19:13.784000',
        '60736928'),
       (349, '2021-11-08 22:19:13.795000', '', 'THIRTEEN', null, 21007, 'NEW', '', '2021-11-08 22:19:13.795000',
        '64236458'),
       (354, '2021-11-08 22:19:13.809000', '', 'THIRTEEN', null, 21099, 'NEW', '', '2021-11-08 22:19:13.809000',
        '63946192'),
       (362, '2021-11-08 22:19:13.819000', '', 'THIRTEEN', null, 16882, 'NEW', '', '2021-11-08 22:19:13.819000',
        '53645739'),
       (364, '2021-11-08 22:19:13.824000', '', 'THIRTEEN', null, 20987, 'NEW', '', '2021-11-08 22:19:13.824000', null),
       (371, '2021-11-08 22:19:13.839000', '', 'THIRTEEN', null, 54912, 'NEW', '', '2021-11-08 22:19:13.839000',
        '106841683'),
       (375, '2021-11-08 22:19:13.849000', '', 'THIRTEEN', null, 41099, 'NEW', '', '2021-11-08 22:19:13.849000',
        '10331142K'),
       (383, '2021-11-08 22:19:13.863000', '', 'THIRTEEN', null, 28125, 'NEW', '', '2021-11-08 22:19:13.863000',
        '118669908'),
       (387, '2021-11-08 22:19:13.873000', '', 'THIRTEEN', null, 32880, 'NEW', '', '2021-11-08 22:19:13.873000',
        '140812293'),
       (395, '2021-11-08 22:19:13.892000', '', 'NINETEEN', null, 164637, 'NEW', '', '2021-11-08 22:19:13.892000',
        '69072593'),
       (405, '2021-11-08 22:19:13.910000', '', 'THIRTEEN', null, 14501, 'NEW', '', '2021-11-08 22:19:13.910000',
        '88786491'),
       (410, '2021-11-08 22:19:13.924000', '', 'THIRTEEN', null, 20525, 'NEW', '', '2021-11-08 22:19:13.924000',
        '108775416'),
       (415, '2021-11-08 22:19:13.935000', '', 'THIRTEEN', null, 11336, 'NEW', '', '2021-11-08 22:19:13.935000',
        '103354633'),
       (422, '2021-11-08 22:19:13.949000', '', 'THIRTEEN', null, 20951, 'NEW', '', '2021-11-08 22:19:13.949000', null),
       (427, '2021-11-08 22:19:13.960000', '', 'THIRTEEN', null, 92103, 'NEW', '', '2021-11-08 22:19:13.960000',
        '72350863'),
       (432, '2021-11-08 22:19:13.973000', '', 'THIRTEEN', null, 20952, 'NEW', '', '2021-11-08 22:19:13.973000',
        '49905548'),
       (438, '2021-11-08 22:19:13.985000', '', 'NINETEEN', null, 3195, 'NEW', '', '2021-11-08 22:19:13.985000',
        '120490311'),
       (443, '2021-11-08 22:19:13.998000', '', 'THIRTEEN', null, 20959, 'NEW', '', '2021-11-08 22:19:13.998000',
        '10148047K'),
       (448, '2021-11-08 22:19:14.005000', '', 'THIRTEEN', null, 21040, 'NEW', '', '2021-11-08 22:19:14.005000', null),
       (449, '2021-11-08 22:19:14.009000', '', 'NINETEEN', null, 1860, 'NEW', '', '2021-11-08 22:19:14.009000', null),
       (455, '2021-11-08 22:19:14.023000', '', 'NINETEEN', null, 13854, 'NEW', '', '2021-11-08 22:19:14.023000',
        '10402792K'),
       (461, '2021-11-08 22:19:14.034000', '', 'NINETEEN', null, 56570, 'NEW', '', '2021-11-08 22:19:14.034000',
        '9291660K'),
       (464, '2021-11-08 22:19:14.048000', '', 'NINETEEN', null, 2001, 'NEW', '', '2021-11-08 22:19:14.048000',
        '85299263'),
       (469, '2021-11-08 22:19:14.060000', '', 'THIRTEEN', null, 20989, 'NEW', '', '2021-11-08 22:19:14.060000',
        '52443784'),
       (473, '2021-11-08 22:19:14.074000', '', 'THIRTEEN', null, 994315, 'NEW', '', '2021-11-08 22:19:14.074000',
        '8886705K'),
       (478, '2021-11-08 22:19:14.088000', '', 'THIRTEEN', null, 67772, 'NEW', '', '2021-11-08 22:19:14.088000',
        '157597701'),
       (483, '2021-11-08 22:19:14.101000', '', 'THIRTEEN', null, 63123, 'NEW', '', '2021-11-08 22:19:14.101000',
        '93342607'),
       (487, '2021-11-08 22:19:14.114000', '', 'THIRTEEN', null, 20957, 'NEW', '', '2021-11-08 22:19:14.114000',
        '42094706'),
       (493, '2021-11-08 22:19:14.128000', '', 'THIRTEEN', null, 20955, 'NEW', '', '2021-11-08 22:19:14.128000',
        '66270335'),
       (498, '2021-11-08 22:19:14.142000', '', 'THIRTEEN', null, 21053, 'NEW', '', '2021-11-08 22:19:14.142000',
        '62911549'),
       (501, '2021-11-08 22:19:14.155000', '', 'THIRTEEN', null, 67707, 'NEW', '', '2021-11-08 22:19:14.155000',
        '58479365'),
       (505, '2021-11-08 22:19:14.165000', '', 'THIRTEEN', null, 4383, 'NEW', '', '2021-11-08 22:19:14.165000',
        '257707229'),
       (87, '2021-11-08 22:19:13.246000', '', 'THIRTEEN', null, 5432, 'NEW', '', '2021-11-08 22:19:13.246000',
        '68887887'),
       (93, '2021-11-08 22:19:13.258000', '', 'THIRTEEN', null, 101210, 'NEW', '', '2021-11-08 22:19:13.258000',
        '61483535'),
       (101, '2021-11-08 22:19:13.278000', '', 'THIRTEEN', null, 4493, 'NEW', '', '2021-11-08 22:19:13.278000',
        '75986025'),
       (107, '2021-11-08 22:19:13.294000', '', 'THIRTEEN', null, 1175, 'NEW', '', '2021-11-08 22:19:13.294000',
        '113242132'),
       (114, '2021-11-08 22:19:13.304000', '', 'THIRTEEN', null, 5276, 'NEW', '', '2021-11-08 22:19:13.304000',
        '81880506'),
       (121, '2021-11-08 22:19:13.324000', '', 'THIRTEEN', null, 1794, 'NEW', '', '2021-11-08 22:19:13.324000',
        '100907984'),
       (129, '2021-11-08 22:19:13.334000', '', 'THIRTEEN', null, 10018, 'NEW', '', '2021-11-08 22:19:13.334000',
        '6519306K'),
       (138, '2021-11-08 22:19:13.355000', '', 'THIRTEEN', null, 21088, 'NEW', '', '2021-11-08 22:19:13.355000',
        '67479874'),
       (142, '2021-11-08 22:19:13.364000', '', 'THIRTEEN', null, 21090, 'NEW', '', '2021-11-08 22:19:13.364000', null),
       (149, '2021-11-08 22:19:13.375000', '', 'THIRTEEN', null, 21086, 'NEW', '', '2021-11-08 22:19:13.375000',
        '105629699'),
       (153, '2021-11-08 22:19:13.388000', '', 'THIRTEEN', null, 7083, 'NEW', '', '2021-11-08 22:19:13.388000', null),
       (159, '2021-11-08 22:19:13.401000', '', 'THIRTEEN', null, 21087, 'NEW', '', '2021-11-08 22:19:13.401000',
        '65535963'),
       (166, '2021-11-08 22:19:13.418000', '', 'THIRTEEN', null, 4745, 'NEW', '', '2021-11-08 22:19:13.418000',
        '142819821'),
       (172, '2021-11-08 22:19:13.427000', '', 'THIRTEEN', null, 3939, 'NEW', '', '2021-11-08 22:19:13.427000',
        '88592255'),
       (178, '2021-11-08 22:19:13.442000', '', 'THIRTEEN', null, 101219, 'NEW', '', '2021-11-08 22:19:13.442000',
        '142823063'),
       (184, '2021-11-08 22:19:13.454000', '', 'THIRTEEN', null, 16710, 'NEW', '', '2021-11-08 22:19:13.454000',
        '38215388'),
       (189, '2021-11-08 22:19:13.471000', '', 'THIRTEEN', null, 28130, 'NEW', '', '2021-11-08 22:19:13.471000',
        '103200989'),
       (196, '2021-11-08 22:19:13.479000', '', 'THIRTEEN', null, 11333, 'NEW', '', '2021-11-08 22:19:13.479000',
        '40378367'),
       (202, '2021-11-08 22:19:13.496000', '', 'THIRTEEN', null, 20978, 'NEW', '', '2021-11-08 22:19:13.496000',
        '27689647'),
       (207, '2021-11-08 22:19:13.508000', '', 'THIRTEEN', null, 1883, 'NEW', '', '2021-11-08 22:19:13.508000',
        '51729668'),
       (214, '2021-11-08 22:19:13.521000', '', 'THIRTEEN', null, 164633, 'NEW', '', '2021-11-08 22:19:13.521000',
        '102511743'),
       (216, '2021-11-08 22:19:13.525000', '', 'THIRTEEN', null, 108570, 'NEW', '', '2021-11-08 22:19:13.525000', null),
       (222, '2021-11-08 22:19:13.540000', '', 'THIRTEEN', null, 9018, 'NEW', '', '2021-11-08 22:19:13.540000',
        '45670511'),
       (230, '2021-11-08 22:19:13.550000', '', 'THIRTEEN', null, 9066, 'NEW', '', '2021-11-08 22:19:13.550000',
        '40563253'),
       (234, '2021-11-08 22:19:13.556000', '', 'THIRTEEN', null, 4502, 'NEW', '', '2021-11-08 22:19:13.556000', null),
       (239, '2021-11-08 22:19:13.570000', '', 'THIRTEEN', null, 16914, 'NEW', '', '2021-11-08 22:19:13.570000',
        '98370463'),
       (245, '2021-11-08 22:19:13.578000', '', 'NINETEEN', null, 8273, 'NEW', '', '2021-11-08 22:19:13.578000',
        '98370463'),
       (252, '2021-11-08 22:19:13.594000', '', 'THIRTEEN', null, 16911, 'NEW', '', '2021-11-08 22:19:13.594000',
        '14281983K'),
       (256, '2021-11-08 22:19:13.605000', '', 'THIRTEEN', null, 16918, 'NEW', '', '2021-11-08 22:19:13.605000',
        '69581943'),
       (265, '2021-11-08 22:19:13.623000', '', 'NINETEEN', null, 1102, 'NEW', '', '2021-11-08 22:19:13.623000',
        '42401471'),
       (273, '2021-11-08 22:19:13.637000', '', 'NINETEEN', null, 1193, 'NEW', '', '2021-11-08 22:19:13.637000',
        '87911985'),
       (277, '2021-11-08 22:19:13.648000', '', 'THIRTEEN', null, 20973, 'NEW', '', '2021-11-08 22:19:13.648000',
        '94461073'),
       (282, '2021-11-08 22:19:13.662000', '', 'THIRTEEN', null, 16920, 'NEW', '', '2021-11-08 22:19:13.662000',
        '55515905'),
       (287, '2021-11-08 22:19:13.672000', '', 'THIRTEEN', null, 16915, 'NEW', '', '2021-11-08 22:19:13.672000',
        '143519317'),
       (293, '2021-11-08 22:19:13.686000', '', 'THIRTEEN', null, 2143, 'NEW', '', '2021-11-08 22:19:13.686000',
        '54868944'),
       (299, '2021-11-08 22:19:13.696000', '', 'NINETEEN', null, 1985, 'NEW', '', '2021-11-08 22:19:13.696000',
        '106492794'),
       (306, '2021-11-08 22:19:13.711000', '', 'THIRTEEN', null, 85259, 'NEW', '', '2021-11-08 22:19:13.711000',
        '93185242'),
       (317, '2021-11-08 22:19:13.732000', '', 'THIRTEEN', null, 23795, 'NEW', '', '2021-11-08 22:19:13.732000',
        '91933233'),
       (321, '2021-11-08 22:19:13.739000', '', 'THIRTEEN', null, 6947, 'NEW', '', '2021-11-08 22:19:13.739000', null),
       (326, '2021-11-08 22:19:13.748000', '', 'THIRTEEN', null, 57040, 'NEW', '', '2021-11-08 22:19:13.748000',
        '50012166'),
       (330, '2021-11-08 22:19:13.764000', '', 'THIRTEEN', null, 57060, 'NEW', '', '2021-11-08 22:19:13.764000',
        '42645605'),
       (335, '2021-11-08 22:19:13.772000', '', 'NINETEEN', null, 21766, 'NEW', '', '2021-11-08 22:19:13.772000',
        '56184848'),
       (341, '2021-11-08 22:19:13.785000', '', 'THIRTEEN', null, 102068461, 'NEW', '', '2021-11-08 22:19:13.785000',
        '56184848'),
       (344, '2021-11-08 22:19:13.790000', '', 'THIRTEEN', null, 116183, 'NEW', '', '2021-11-08 22:19:13.790000', null),
       (352, '2021-11-08 22:19:13.801000', '', 'THIRTEEN', null, 102081121, 'NEW', '', '2021-11-08 22:19:13.801000',
        '50128156'),
       (357, '2021-11-08 22:19:13.815000', '', 'THIRTEEN', null, 112612, 'NEW', '', '2021-11-08 22:19:13.815000',
        '44205149'),
       (361, '2021-11-08 22:19:13.818000', '', 'THIRTEEN', null, 4437, 'NEW', '', '2021-11-08 22:19:13.818000', null),
       (370, '2021-11-08 22:19:13.839000', '', 'NINETEEN', null, 4353, 'NEW', '', '2021-11-08 22:19:13.839000',
        '57579072'),
       (374, '2021-11-08 22:19:13.842000', '', 'NINETEEN', null, 35550, 'NEW', '', '2021-11-08 22:19:13.842000', null),
       (380, '2021-11-08 22:19:13.857000', '', 'THIRTEEN', null, 67775, 'NEW', '', '2021-11-08 22:19:13.857000',
        '73890306'),
       (384, '2021-11-08 22:19:13.867000', '', 'THIRTEEN', null, 57001, 'NEW', '', '2021-11-08 22:19:13.867000',
        '55836191'),
       (388, '2021-11-08 22:19:13.876000', '', 'THIRTEEN', null, 20980, 'NEW', '', '2021-11-08 22:19:13.876000', null),
       (396, '2021-11-08 22:19:13.893000', '', 'THIRTEEN', null, 22321, 'NEW', '', '2021-11-08 22:19:13.893000', null),
       (400, '2021-11-08 22:19:13.901000', '', 'THIRTEEN', null, 120176, 'NEW', '', '2021-11-08 22:19:13.901000', null),
       (403, '2021-11-08 22:19:13.910000', '', 'THIRTEEN', null, 13035, 'NEW', '', '2021-11-08 22:19:13.910000', null),
       (408, '2021-11-08 22:19:13.920000', '', 'THIRTEEN', null, 13858, 'NEW', '', '2021-11-08 22:19:13.920000',
        '92208729'),
       (414, '2021-11-08 22:19:13.933000', '', 'THIRTEEN', null, 10014, 'NEW', '', '2021-11-08 22:19:13.933000',
        '66261468'),
       (420, '2021-11-08 22:19:13.944000', '', 'THIRTEEN', null, 13445, 'NEW', '', '2021-11-08 22:19:13.944000',
        '102085221'),
       (423, '2021-11-08 22:19:13.952000', '', 'THIRTEEN', null, 13850, 'NEW', '', '2021-11-08 22:19:13.952000', null),
       (428, '2021-11-08 22:19:13.962000', '', 'THIRTEEN', null, 6155, 'NEW', '', '2021-11-08 22:19:13.962000',
        '70687941'),
       (433, '2021-11-08 22:19:13.977000', '', 'THIRTEEN', null, 13848, 'NEW', '', '2021-11-08 22:19:13.977000',
        '64081691'),
       (439, '2021-11-08 22:19:13.987000', '', 'THIRTEEN', null, 13847, 'NEW', '', '2021-11-08 22:19:13.987000',
        '64085484'),
       (446, '2021-11-08 22:19:14.002000', '', 'THIRTEEN', null, 306, 'NEW', '', '2021-11-08 22:19:14.002000',
        '132001936'),
       (451, '2021-11-08 22:19:14.011000', '', 'THIRTEEN', null, 307, 'NEW', '', '2021-11-08 22:19:14.011000',
        '122007049'),
       (457, '2021-11-08 22:19:14.027000', '', 'THIRTEEN', null, 14142, 'NEW', '', '2021-11-08 22:19:14.027000',
        '6931175K'),
       (459, '2021-11-08 22:19:14.032000', '', 'THIRTEEN', null, 13846, 'NEW', '', '2021-11-08 22:19:14.032000', null),
       (465, '2021-11-08 22:19:14.052000', '', 'THIRTEEN', null, 10851, 'NEW', '', '2021-11-08 22:19:14.052000',
        '83843772'),
       (470, '2021-11-08 22:19:14.064000', '', 'THIRTEEN', null, 112608, 'NEW', '', '2021-11-08 22:19:14.064000',
        '57377666'),
       (475, '2021-11-08 22:19:14.085000', '', 'NINETEEN', null, 8272, 'NEW', '', '2021-11-08 22:19:14.085000',
        '69476112'),
       (480, '2021-11-08 22:19:14.097000', '', 'THIRTEEN', null, 466, 'NEW', '', '2021-11-08 22:19:14.097000',
        '152927312'),
       (484, '2021-11-08 22:19:14.105000', '', 'THIRTEEN', null, 67779, 'NEW', '', '2021-11-08 22:19:14.105000', null),
       (489, '2021-11-08 22:19:14.119000', '', 'THIRTEEN', null, 4384, 'NEW', '', '2021-11-08 22:19:14.119000',
        '257707229'),
       (492, '2021-11-08 22:19:14.125000', '', 'THIRTEEN', null, 20953, 'NEW', '', '2021-11-08 22:19:14.125000', null),
       (495, '2021-11-08 22:19:14.130000', '', 'THIRTEEN', null, 20985, 'NEW', '', '2021-11-08 22:19:14.130000', null),
       (499, '2021-11-08 22:19:14.144000', '', 'NINETEEN', null, 2155, 'NEW', '', '2021-11-08 22:19:14.144000',
        '33890524'),
       (503, '2021-11-08 22:19:14.160000', '', 'THIRTEEN', null, 16890, 'NEW', '', '2021-11-08 22:19:14.160000',
        '90497103'),
       (507, '2021-11-08 22:19:14.173000', '', 'THIRTEEN', null, 18497, 'NEW', '', '2021-11-08 22:19:14.173000',
        '66895211'),
       (510, '2021-11-08 22:19:14.185000', '', 'THIRTEEN', null, 22814, 'NEW', '', '2021-11-08 22:19:14.185000',
        '49793197'),
       (512, '2021-11-08 22:19:14.192000', '', 'THIRTEEN', null, 269011, 'NEW', '', '2021-11-08 22:19:14.192000', null),
       (515, '2021-11-08 22:19:14.205000', '', 'THIRTEEN', null, 112610, 'NEW', '', '2021-11-08 22:19:14.206000',
        '813805006'),
       (516, '2021-11-08 22:19:14.214000', '', 'THIRTEEN', null, 23685, 'NEW', '', '2021-11-08 22:19:14.214000', null),
       (519, '2021-11-08 22:19:14.219000', '', 'THIRTEEN', null, 20986, 'NEW', '', '2021-11-08 22:19:14.219000', null),
       (520, '2021-11-08 22:19:14.228000', '', 'THIRTEEN', null, 164638, 'NEW', '', '2021-11-08 22:19:14.228000', null),
       (526, '2021-11-08 22:19:14.255000', '', 'THIRTEEN', null, 20934, 'NEW', '', '2021-11-08 22:19:14.255000',
        '46989686'),
       (88, '2021-11-08 22:19:13.251000', '', 'THIRTEEN', null, 21101, 'NEW', '', '2021-11-08 22:19:13.251000',
        '46445074'),
       (94, '2021-11-08 22:19:13.262000', '', 'THIRTEEN', null, 20939, 'NEW', '', '2021-11-08 22:19:13.262000',
        '39309548'),
       (99, '2021-11-08 22:19:13.276000', '', 'THIRTEEN', null, 28129, 'NEW', '', '2021-11-08 22:19:13.276000',
        '87515958'),
       (110, '2021-11-08 22:19:13.301000', '', 'THIRTEEN', null, 20977, 'NEW', '', '2021-11-08 22:19:13.301000',
        '115924656'),
       (117, '2021-11-08 22:19:13.315000', '', 'THIRTEEN', null, 21001, 'NEW', '', '2021-11-08 22:19:13.315000',
        '40326839'),
       (124, '2021-11-08 22:19:13.326000', '', 'THIRTEEN', null, 16881, 'NEW', '', '2021-11-08 22:19:13.326000',
        '74465102'),
       (127, '2021-11-08 22:19:13.333000', '', 'THIRTEEN', null, 2138, 'NEW', '', '2021-11-08 22:19:13.333000', null),
       (133, '2021-11-08 22:19:13.349000', '', 'THIRTEEN', null, 2156, 'NEW', '', '2021-11-08 22:19:13.349000',
        '65749238'),
       (141, '2021-11-08 22:19:13.364000', '', 'THIRTEEN', null, 69183, 'NEW', '', '2021-11-08 22:19:13.364000',
        '158534061'),
       (145, '2021-11-08 22:19:13.371000', '', 'THIRTEEN', null, 10893, 'NEW', '', '2021-11-08 22:19:13.371000', null),
       (152, '2021-11-08 22:19:13.381000', '', 'THIRTEEN', null, 16889, 'NEW', '', '2021-11-08 22:19:13.381000',
        '44066033'),
       (157, '2021-11-08 22:19:13.396000', '', 'THIRTEEN', null, 214025, 'NEW', '', '2021-11-08 22:19:13.396000',
        '90448196'),
       (163, '2021-11-08 22:19:13.405000', '', 'THIRTEEN', null, 118787, 'NEW', '', '2021-11-08 22:19:13.405000',
        '88011406'),
       (168, '2021-11-08 22:19:13.422000', '', 'THIRTEEN', null, 100600, 'NEW', '', '2021-11-08 22:19:13.422000',
        '108701668'),
       (174, '2021-11-08 22:19:13.434000', '', 'NINETEEN', null, 33346, 'NEW', '', '2021-11-08 22:19:13.434000',
        '117048926'),
       (179, '2021-11-08 22:19:13.448000', '', 'THIRTEEN', null, 16887, 'NEW', '', '2021-11-08 22:19:13.448000',
        '37585432'),
       (185, '2021-11-08 22:19:13.463000', '', 'THIRTEEN', null, 1882, 'NEW', '', '2021-11-08 22:19:13.463000',
        '10923754K'),
       (192, '2021-11-08 22:19:13.475000', '', 'THIRTEEN', null, 26716, 'NEW', '', '2021-11-08 22:19:13.475000',
        '89426022'),
       (194, '2021-11-08 22:19:13.479000', '', 'THIRTEEN', null, 1136, 'NEW', '', '2021-11-08 22:19:13.479000', null),
       (201, '2021-11-08 22:19:13.496000', '', 'THIRTEEN', null, 20937, 'NEW', '', '2021-11-08 22:19:13.496000',
        '89915473'),
       (206, '2021-11-08 22:19:13.504000', '', 'THIRTEEN', null, 54271, 'NEW', '', '2021-11-08 22:19:13.504000',
        '142805065'),
       (211, '2021-11-08 22:19:13.520000', '', 'THIRTEEN', null, 8164, 'NEW', '', '2021-11-08 22:19:13.520000',
        '43432745'),
       (218, '2021-11-08 22:19:13.527000', '', 'THIRTEEN', null, 101283, 'NEW', '', '2021-11-08 22:19:13.527000',
        '94231132'),
       (224, '2021-11-08 22:19:13.544000', '', 'THIRTEEN', null, 17128, 'NEW', '', '2021-11-08 22:19:13.544000',
        '152937741'),
       (232, '2021-11-08 22:19:13.552000', '', 'THIRTEEN', null, 9182, 'NEW', '', '2021-11-08 22:19:13.552000',
        '87978729'),
       (237, '2021-11-08 22:19:13.568000', '', 'THIRTEEN', null, 72002, 'NEW', '', '2021-11-08 22:19:13.568000',
        '89226678'),
       (244, '2021-11-08 22:19:13.576000', '', 'THIRTEEN', null, 67753, 'NEW', '', '2021-11-08 22:19:13.576000',
        '95572685'),
       (250, '2021-11-08 22:19:13.593000', '', 'THIRTEEN', null, 67778, 'NEW', '', '2021-11-08 22:19:13.593000',
        '73985684'),
       (259, '2021-11-08 22:19:13.609000', '', 'THIRTEEN', null, 11806, 'NEW', '', '2021-11-08 22:19:13.609000',
        '83935332'),
       (263, '2021-11-08 22:19:13.621000', '', 'THIRTEEN', null, 21011, 'NEW', '', '2021-11-08 22:19:13.621000',
        '79723177'),
       (270, '2021-11-08 22:19:13.633000', '', 'THIRTEEN', null, 8157, 'NEW', '', '2021-11-08 22:19:13.633000',
        '94652405'),
       (276, '2021-11-08 22:19:13.645000', '', 'THIRTEEN', null, 3219, 'NEW', '', '2021-11-08 22:19:13.645000',
        '38996657'),
       (281, '2021-11-08 22:19:13.658000', '', 'THIRTEEN', null, 114231, 'NEW', '', '2021-11-08 22:19:13.658000',
        '52143721'),
       (286, '2021-11-08 22:19:13.670000', '', 'THIRTEEN', null, 21107, 'NEW', '', '2021-11-08 22:19:13.670000',
        '95462707'),
       (292, '2021-11-08 22:19:13.683000', '', 'THIRTEEN', null, 9007, 'NEW', '', '2021-11-08 22:19:13.683000',
        '116569892'),
       (297, '2021-11-08 22:19:13.694000', '', 'THIRTEEN', null, 16932, 'NEW', '', '2021-11-08 22:19:13.694000',
        '58335258'),
       (301, '2021-11-08 22:19:13.698000', '', 'THIRTEEN', null, 16938, 'NEW', '', '2021-11-08 22:19:13.698000', null),
       (304, '2021-11-08 22:19:13.706000', '', 'THIRTEEN', null, 16934, 'NEW', '', '2021-11-08 22:19:13.706000', null),
       (310, '2021-11-08 22:19:13.719000', '', 'THIRTEEN', null, 20956, 'NEW', '', '2021-11-08 22:19:13.719000',
        '24983153'),
       (314, '2021-11-08 22:19:13.723000', '', 'THIRTEEN', null, 8521, 'NEW', '', '2021-11-08 22:19:13.723000', null),
       (322, '2021-11-08 22:19:13.740000', '', 'THIRTEEN', null, 63738, 'NEW', '', '2021-11-08 22:19:13.740000',
        '113238852'),
       (327, '2021-11-08 22:19:13.748000', '', 'THIRTEEN', null, 173597, 'NEW', '', '2021-11-08 22:19:13.748000',
        '17511744K'),
       (331, '2021-11-08 22:19:13.764000', '', 'THIRTEEN', null, 6077, 'NEW', '', '2021-11-08 22:19:13.764000',
        '71666107'),
       (336, '2021-11-08 22:19:13.772000', '', 'THIRTEEN', null, 6084, 'NEW', '', '2021-11-08 22:19:13.772000',
        '65327589'),
       (343, '2021-11-08 22:19:13.789000', '', 'THIRTEEN', null, 6162, 'NEW', '', '2021-11-08 22:19:13.789000',
        '56027718'),
       (350, '2021-11-08 22:19:13.797000', '', 'THIRTEEN', null, 48065, 'NEW', '', '2021-11-08 22:19:13.797000',
        '86821982'),
       (356, '2021-11-08 22:19:13.813000', '', 'THIRTEEN', null, 54272, 'NEW', '', '2021-11-08 22:19:13.813000',
        '39044676'),
       (363, '2021-11-08 22:19:13.820000', '', 'THIRTEEN', null, 101277, 'NEW', '', '2021-11-08 22:19:13.820000',
        '124315654'),
       (366, '2021-11-08 22:19:13.828000', '', 'THIRTEEN', null, 5434, 'NEW', '', '2021-11-08 22:19:13.828000', null),
       (373, '2021-11-08 22:19:13.841000', '', 'THIRTEEN', null, 26707, 'NEW', '', '2021-11-08 22:19:13.841000',
        '131168306'),
       (379, '2021-11-08 22:19:13.853000', '', 'THIRTEEN', null, 21010, 'NEW', '', '2021-11-08 22:19:13.853000',
        '55051275'),
       (381, '2021-11-08 22:19:13.860000', '', 'THIRTEEN', null, 21002, 'NEW', '', '2021-11-08 22:19:13.860000', null),
       (385, '2021-11-08 22:19:13.869000', '', 'THIRTEEN', null, 54273, 'NEW', '', '2021-11-08 22:19:13.869000',
        '109418471'),
       (390, '2021-11-08 22:19:13.885000', '', 'THIRTEEN', null, 31060, 'NEW', '', '2021-11-08 22:19:13.885000',
        '164768317'),
       (398, '2021-11-08 22:19:13.893000', '', 'THIRTEEN', null, 165240, 'NEW', '', '2021-11-08 22:19:13.893000',
        '126115717'),
       (401, '2021-11-08 22:19:13.901000', '', 'THIRTEEN', null, 2901, 'NEW', '', '2021-11-08 22:19:13.901000', null),
       (407, '2021-11-08 22:19:13.915000', '', 'THIRTEEN', null, 16937, 'NEW', '', '2021-11-08 22:19:13.915000',
        '73468744'),
       (413, '2021-11-08 22:19:13.931000', '', 'THIRTEEN', null, 20958, 'NEW', '', '2021-11-08 22:19:13.931000',
        '41294108'),
       (419, '2021-11-08 22:19:13.940000', '', 'THIRTEEN', null, 54276, 'NEW', '', '2021-11-08 22:19:13.940000',
        '44985098'),
       (431, '2021-11-08 22:19:13.973000', '', 'THIRTEEN', null, 11339, 'NEW', '', '2021-11-08 22:19:13.973000',
        '76341117'),
       (437, '2021-11-08 22:19:13.985000', '', 'THIRTEEN', null, 11332, 'NEW', '', '2021-11-08 22:19:13.985000',
        '59200437'),
       (447, '2021-11-08 22:19:14.005000', '', 'NINETEEN', null, 21109, 'NEW', '', '2021-11-08 22:19:14.005000', null),
       (453, '2021-11-08 22:19:14.019000', '', 'THIRTEEN', null, 21102, 'NEW', '', '2021-11-08 22:19:14.019000', null),
       (474, '2021-11-08 22:19:14.081000', '', 'THIRTEEN', null, 41106, 'NEW', '', '2021-11-08 22:19:14.081000',
        '131168306'),
       (479, '2021-11-08 22:19:14.092000', '', 'THIRTEEN', null, 4567, 'NEW', '', '2021-11-08 22:19:14.092000',
        '133210113'),
       (485, '2021-11-08 22:19:14.109000', '', 'THIRTEEN', null, 20163, 'NEW', '', '2021-11-08 22:19:14.109000',
        '66761541'),
       (491, '2021-11-08 22:19:14.123000', '', 'THIRTEEN', null, 61395, 'NEW', '', '2021-11-08 22:19:14.123000',
        '193197981'),
       (444, '2021-11-08 22:19:13.998000', '', 'THIRTEEN', 'Norte', 12068, 'NEW', 'Sony', '2021-12-29 10:33:33.497000',
        '91179458'),
       (89, '2021-11-08 22:19:13.252000', '', 'THIRTEEN', null, 73861, 'NEW', '', '2021-11-08 22:19:13.252000',
        '115907301'),
       (96, '2021-11-08 22:19:13.266000', '', 'THIRTEEN', null, 85441, 'NEW', '', '2021-11-08 22:19:13.266000',
        '89387973'),
       (102, '2021-11-08 22:19:13.280000', '', 'THIRTEEN', null, 23793, 'NEW', '', '2021-11-08 22:19:13.280000',
        '74694853'),
       (105, '2021-11-08 22:19:13.290000', '', 'THIRTEEN', null, 1768, 'NEW', '', '2021-11-08 22:19:13.290000', null),
       (108, '2021-11-08 22:19:13.298000', '', 'THIRTEEN', null, 73859, 'NEW', '', '2021-11-08 22:19:13.298000', null),
       (115, '2021-11-08 22:19:13.310000', '', 'THIRTEEN', null, 26710, 'NEW', '', '2021-11-08 22:19:13.310000',
        '91693887'),
       (122, '2021-11-08 22:19:13.324000', '', 'THIRTEEN', null, 1800, 'NEW', '', '2021-11-08 22:19:13.324000',
        '127470308'),
       (130, '2021-11-08 22:19:13.337000', '', 'THIRTEEN', null, 20997, 'NEW', '', '2021-11-08 22:19:13.337000',
        '92211878'),
       (135, '2021-11-08 22:19:13.351000', '', 'THIRTEEN', null, 56974, 'NEW', '', '2021-11-08 22:19:13.351000',
        '83212446'),
       (143, '2021-11-08 22:19:13.367000', '', 'THIRTEEN', null, 4449, 'NEW', '', '2021-11-08 22:19:13.367000',
        '4945922K'),
       (150, '2021-11-08 22:19:13.377000', '', 'THIRTEEN', null, 112601, 'NEW', '', '2021-11-08 22:19:13.377000',
        '70678691'),
       (156, '2021-11-08 22:19:13.392000', '', 'THIRTEEN', null, 2140, 'NEW', '', '2021-11-08 22:19:13.392000',
        '51148975'),
       (161, '2021-11-08 22:19:13.403000', '', 'THIRTEEN', null, 101979, 'NEW', '', '2021-11-08 22:19:13.403000',
        '81595984'),
       (167, '2021-11-08 22:19:13.421000', '', 'THIRTEEN', null, 110397, 'NEW', '', '2021-11-08 22:19:13.421000',
        '124312418'),
       (173, '2021-11-08 22:19:13.433000', '', 'THIRTEEN', null, 15573, 'NEW', '', '2021-11-08 22:19:13.433000',
        '481600367'),
       (180, '2021-11-08 22:19:13.448000', '', 'THIRTEEN', null, 5575, 'NEW', '', '2021-11-08 22:19:13.448000',
        '155230169'),
       (188, '2021-11-08 22:19:13.470000', '', 'THIRTEEN', null, 65972, 'NEW', '', '2021-11-08 22:19:13.470000',
        '72256379'),
       (198, '2021-11-08 22:19:13.491000', '', 'THIRTEEN', null, 4640, 'NEW', '', '2021-11-08 22:19:13.491000',
        '8759582K'),
       (204, '2021-11-08 22:19:13.501000', '', 'THIRTEEN', null, 287, 'NEW', '', '2021-11-08 22:19:13.501000',
        '52694302'),
       (210, '2021-11-08 22:19:13.519000', '', 'THIRTEEN', null, 1878, 'NEW', '', '2021-11-08 22:19:13.519000',
        '48432271'),
       (219, '2021-11-08 22:19:13.531000', '', 'THIRTEEN', null, 5433, 'NEW', '', '2021-11-08 22:19:13.531000',
        '106416818'),
       (226, '2021-11-08 22:19:13.546000', '', 'THIRTEEN', null, 23799, 'NEW', '', '2021-11-08 22:19:13.546000',
        '106936498'),
       (228, '2021-11-08 22:19:13.550000', '', 'THIRTEEN', null, 3228, 'NEW', '', '2021-11-08 22:19:13.550000',
        '74694853'),
       (236, '2021-11-08 22:19:13.559000', '', 'THIRTEEN', null, 8327, 'NEW', '', '2021-11-08 22:19:13.559000', null),
       (242, '2021-11-08 22:19:13.574000', '', 'THIRTEEN', null, 21000, 'NEW', '', '2021-11-08 22:19:13.574000',
        '5505116K'),
       (249, '2021-11-08 22:19:13.592000', '', 'THIRTEEN', null, 16709, 'NEW', '', '2021-11-08 22:19:13.592000',
        '38578863'),
       (257, '2021-11-08 22:19:13.608000', '', 'THIRTEEN', null, 13849, 'NEW', '', '2021-11-08 22:19:13.608000',
        '90762338'),
       (264, '2021-11-08 22:19:13.622000', '', 'THIRTEEN', null, 100130, 'NEW', '', '2021-11-08 22:19:13.622000',
        '135226726'),
       (269, '2021-11-08 22:19:13.632000', '', 'THIRTEEN', null, 1767, 'NEW', '', '2021-11-08 22:19:13.632000', null),
       (274, '2021-11-08 22:19:13.641000', '', 'THIRTEEN', null, 5438, 'NEW', '', '2021-11-08 22:19:13.641000', null),
       (279, '2021-11-08 22:19:13.657000', '', 'THIRTEEN', null, 1303, 'NEW', '', '2021-11-08 22:19:13.657000',
        '99685344'),
       (285, '2021-11-08 22:19:13.666000', '', 'THIRTEEN', null, 30690, 'NEW', '', '2021-11-08 22:19:13.666000', null),
       (291, '2021-11-08 22:19:13.682000', '', 'THIRTEEN', null, 30378, 'NEW', '', '2021-11-08 22:19:13.682000',
        '125121136'),
       (298, '2021-11-08 22:19:13.696000', '', 'THIRTEEN', null, 1359, 'NEW', '', '2021-11-08 22:19:13.696000',
        '75696175'),
       (307, '2021-11-08 22:19:13.715000', '', 'THIRTEEN', null, 3289, 'NEW', '', '2021-11-08 22:19:13.715000',
        '73318092'),
       (312, '2021-11-08 22:19:13.721000', '', 'THIRTEEN', null, 164634, 'NEW', '', '2021-11-08 22:19:13.721000', null),
       (316, '2021-11-08 22:19:13.731000', '', 'THIRTEEN', null, 52760, 'NEW', '', '2021-11-08 22:19:13.731000', null),
       (323, '2021-11-08 22:19:13.745000', '', 'THIRTEEN', null, 14503, 'NEW', '', '2021-11-08 22:19:13.745000',
        '153165955'),
       (329, '2021-11-08 22:19:13.764000', '', 'THIRTEEN', null, 73855, 'NEW', '', '2021-11-08 22:19:13.764000',
        '7454620K'),
       (339, '2021-11-08 22:19:13.780000', '', 'THIRTEEN', null, 83291, 'NEW', '', '2021-11-08 22:19:13.780000',
        '104086551'),
       (347, '2021-11-08 22:19:13.794000', '', 'THIRTEEN', null, 21004, 'NEW', '', '2021-11-08 22:19:13.794000',
        '48642551'),
       (355, '2021-11-08 22:19:13.812000', '', 'THIRTEEN', null, 41096, 'NEW', '', '2021-11-08 22:19:13.812000',
        '95528767'),
       (367, '2021-11-08 22:19:13.828000', '', 'THIRTEEN', null, 20974, 'NEW', '', '2021-11-08 22:19:13.828000',
        '47205905'),
       (369, '2021-11-08 22:19:13.836000', '', 'THIRTEEN', null, 20999, 'NEW', '', '2021-11-08 22:19:13.836000', null),
       (378, '2021-11-08 22:19:13.853000', '', 'THIRTEEN', null, 78479, 'NEW', '', '2021-11-08 22:19:13.853000',
        '86112426'),
       (389, '2021-11-08 22:19:13.876000', '', 'THIRTEEN', null, 8154, 'NEW', '', '2021-11-08 22:19:13.876000',
        '105437943'),
       (394, '2021-11-08 22:19:13.891000', '', 'THIRTEEN', null, 112614, 'NEW', '', '2021-11-08 22:19:13.891000',
        '49395892'),
       (402, '2021-11-08 22:19:13.910000', '', 'THIRTEEN', null, 15678, 'NEW', '', '2021-11-08 22:19:13.910000',
        '8251158K'),
       (411, '2021-11-08 22:19:13.927000', '', 'THIRTEEN', null, 56985, 'NEW', '', '2021-11-08 22:19:13.927000',
        '72426797'),
       (417, '2021-11-08 22:19:13.939000', '', 'THIRTEEN', null, 56969, 'NEW', '', '2021-11-08 22:19:13.939000',
        '56800182'),
       (424, '2021-11-08 22:19:13.955000', '', 'THIRTEEN', null, 20993, 'NEW', '', '2021-11-08 22:19:13.955000',
        '42175056'),
       (430, '2021-11-08 22:19:13.969000', '', 'THIRTEEN', null, 6946, 'NEW', '', '2021-11-08 22:19:13.969000',
        '66561194'),
       (436, '2021-11-08 22:19:13.982000', '', 'THIRTEEN', null, 20996, 'NEW', '', '2021-11-08 22:19:13.982000',
        '64218263'),
       (441, '2021-11-08 22:19:13.998000', '', 'THIRTEEN', null, 285, 'NEW', '', '2021-11-08 22:19:13.998000',
        '88758366'),
       (452, '2021-11-08 22:19:14.018000', '', 'THIRTEEN', null, 286, 'NEW', '', '2021-11-08 22:19:14.018000',
        '59393928'),
       (91, '2021-11-08 22:19:13.252000', '', 'THIRTEEN', null, 22813, 'NEW', '', '2021-11-08 22:19:13.252000',
        '8892536K'),
       (98, '2021-11-08 22:19:13.275000', '', 'NINETEEN', null, 85634, 'NEW', '', '2021-11-08 22:19:13.275000',
        '84887641'),
       (104, '2021-11-08 22:19:13.287000', '', 'THIRTEEN', null, 8392, 'NEW', '', '2021-11-08 22:19:13.287000',
        '64128078'),
       (111, '2021-11-08 22:19:13.302000', '', 'THIRTEEN', null, 56978, 'NEW', '', '2021-11-08 22:19:13.302000',
        '64128078'),
       (116, '2021-11-08 22:19:13.315000', '', 'THIRTEEN', null, 15679, 'NEW', '', '2021-11-08 22:19:13.315000',
        '86589311'),
       (120, '2021-11-08 22:19:13.322000', '', 'THIRTEEN', null, 20932, 'NEW', '', '2021-11-08 22:19:13.322000', null),
       (131, '2021-11-08 22:19:13.342000', '', 'THIRTEEN', null, 85275, 'NEW', '', '2021-11-08 22:19:13.342000',
        '73400759'),
       (136, '2021-11-08 22:19:13.353000', '', 'THIRTEEN', null, 21006, 'NEW', '', '2021-11-08 22:19:13.353000',
        '83455527'),
       (146, '2021-11-08 22:19:13.372000', '', 'THIRTEEN', null, 4112, 'NEW', '', '2021-11-08 22:19:13.372000',
        '137073463'),
       (148, '2021-11-08 22:19:13.375000', '', 'THIRTEEN', null, 56988, 'NEW', '', '2021-11-08 22:19:13.375000', null),
       (154, '2021-11-08 22:19:13.388000', '', 'THIRTEEN', null, 2023, 'NEW', '', '2021-11-08 22:19:13.388000',
        '69682278'),
       (164, '2021-11-08 22:19:13.409000', '', 'THIRTEEN', null, 20936, 'NEW', '', '2021-11-08 22:19:13.409000',
        '82580905'),
       (169, '2021-11-08 22:19:13.425000', '', 'THIRTEEN', null, 21797, 'NEW', '', '2021-11-08 22:19:13.425000',
        '90518976'),
       (175, '2021-11-08 22:19:13.435000', '', 'THIRTEEN', null, 16703, 'NEW', '', '2021-11-08 22:19:13.435000',
        '69682278'),
       (181, '2021-11-08 22:19:13.448000', '', 'THIRTEEN', null, 14062, 'NEW', '', '2021-11-08 22:19:13.448000',
        '134921773'),
       (186, '2021-11-08 22:19:13.464000', '', 'NINETEEN', null, 7568, 'NEW', '', '2021-11-08 22:19:13.464000',
        '41745886'),
       (191, '2021-11-08 22:19:13.475000', '', 'NINETEEN', null, 1987, 'NEW', '', '2021-11-08 22:19:13.475000',
        '60419531'),
       (197, '2021-11-08 22:19:13.488000', '', 'THIRTEEN', null, 56990, 'NEW', '', '2021-11-08 22:19:13.488000',
        '71446379'),
       (203, '2021-11-08 22:19:13.500000', '', 'THIRTEEN', null, 67761, 'NEW', '', '2021-11-08 22:19:13.500000',
        '91676818'),
       (213, '2021-11-08 22:19:13.521000', '', 'THIRTEEN', null, 3235, 'NEW', '', '2021-11-08 22:19:13.521000',
        '46462262'),
       (215, '2021-11-08 22:19:13.525000', '', 'THIRTEEN', null, 23794, 'NEW', '', '2021-11-08 22:19:13.525000', null),
       (223, '2021-11-08 22:19:13.541000', '', 'THIRTEEN', null, 56977, 'NEW', '', '2021-11-08 22:19:13.541000',
        '64838784'),
       (225, '2021-11-08 22:19:13.545000', '', 'THIRTEEN', null, 56984, 'NEW', '', '2021-11-08 22:19:13.545000', null),
       (235, '2021-11-08 22:19:13.556000', '', 'THIRTEEN', null, 56971, 'NEW', '', '2021-11-08 22:19:13.556000',
        '81363633'),
       (241, '2021-11-08 22:19:13.570000', '', 'THIRTEEN', null, 56987, 'NEW', '', '2021-11-08 22:19:13.570000',
        '46135733'),
       (247, '2021-11-08 22:19:13.585000', '', 'THIRTEEN', null, 67708, 'NEW', '', '2021-11-08 22:19:13.585000',
        '46135733'),
       (254, '2021-11-08 22:19:13.597000', '', 'THIRTEEN', null, 722009, 'NEW', '', '2021-11-08 22:19:13.597000',
        '74542182'),
       (261, '2021-11-08 22:19:13.619000', '', 'THIRTEEN', null, 56981, 'NEW', '', '2021-11-08 22:19:13.619000',
        '94146267'),
       (268, '2021-11-08 22:19:13.629000', '', 'THIRTEEN', null, 120766, 'NEW', '', '2021-11-08 22:19:13.629000',
        '63950483'),
       (271, '2021-11-08 22:19:13.636000', '', 'THIRTEEN', null, 104968, 'NEW', '', '2021-11-08 22:19:13.636000', null),
       (278, '2021-11-08 22:19:13.648000', '', 'THIRTEEN', null, 23797, 'NEW', '', '2021-11-08 22:19:13.648000',
        '52682479'),
       (289, '2021-11-08 22:19:13.674000', '', 'THIRTEEN', null, 21104, 'NEW', '', '2021-11-08 22:19:13.674000',
        '87601455'),
       (295, '2021-11-08 22:19:13.690000', '', 'THIRTEEN', null, 3180, 'NEW', '', '2021-11-08 22:19:13.690000',
        '94234735'),
       (302, '2021-11-08 22:19:13.698000', '', 'THIRTEEN', null, 23800, 'NEW', '', '2021-11-08 22:19:13.698000',
        '63250023'),
       (309, '2021-11-08 22:19:13.717000', '', 'THIRTEEN', null, 8317, 'NEW', '', '2021-11-08 22:19:13.717000',
        '97868425'),
       (315, '2021-11-08 22:19:13.727000', '', 'THIRTEEN', null, 5431, 'NEW', '', '2021-11-08 22:19:13.727000',
        '72328728'),
       (318, '2021-11-08 22:19:13.735000', '', 'THIRTEEN', null, 8328, 'NEW', '', '2021-11-08 22:19:13.735000', null),
       (333, '2021-11-08 22:19:13.766000', '', 'THIRTEEN', null, 67773, 'NEW', '', '2021-11-08 22:19:13.766000',
        '28089759'),
       (338, '2021-11-08 22:19:13.776000', '', 'THIRTEEN', null, 173586, 'NEW', '', '2021-11-08 22:19:13.776000',
        '107726675'),
       (346, '2021-11-08 22:19:13.791000', '', 'THIRTEEN', null, 26713, 'NEW', '', '2021-11-08 22:19:13.791000',
        '7353660K'),
       (353, '2021-11-08 22:19:13.801000', '', 'THIRTEEN', null, 26714, 'NEW', '', '2021-11-08 22:19:13.801000',
        '91589818'),
       (358, '2021-11-08 22:19:13.815000', '', 'THIRTEEN', null, 5710, 'NEW', '', '2021-11-08 22:19:13.815000',
        '45482308'),
       (360, '2021-11-08 22:19:13.818000', '', 'THIRTEEN', null, 4498, 'NEW', '', '2021-11-08 22:19:13.818000', null),
       (368, '2021-11-08 22:19:13.833000', '', 'THIRTEEN', null, 67683, 'NEW', '', '2021-11-08 22:19:13.833000',
        '73729769'),
       (376, '2021-11-08 22:19:13.849000', '', 'THIRTEEN', null, 21098, 'NEW', '', '2021-11-08 22:19:13.849000',
        '42359998'),
       (386, '2021-11-08 22:19:13.873000', '', 'THIRTEEN', null, 21014, 'NEW', '', '2021-11-08 22:19:13.873000',
        '52319706'),
       (392, '2021-11-08 22:19:13.887000', '', 'THIRTEEN', null, 12079, 'NEW', '', '2021-11-08 22:19:13.887000', null),
       (399, '2021-11-08 22:19:13.897000', '', 'THIRTEEN', null, 21105, 'NEW', '', '2021-11-08 22:19:13.897000',
        '86983885'),
       (406, '2021-11-08 22:19:13.912000', '', 'THIRTEEN', null, 9385, 'NEW', '', '2021-11-08 22:19:13.912000',
        '51386558'),
       (416, '2021-11-08 22:19:13.935000', '', 'THIRTEEN', null, 9001, 'NEW', '', '2021-11-08 22:19:13.935000',
        '11324576K'),
       (421, '2021-11-08 22:19:13.949000', '', 'THIRTEEN', null, 112613, 'NEW', '', '2021-11-08 22:19:13.949000',
        '55987785'),
       (426, '2021-11-08 22:19:13.960000', '', 'THIRTEEN', null, 172080, 'NEW', '', '2021-11-08 22:19:13.960000',
        '53849261'),
       (429, '2021-11-08 22:19:13.965000', '', 'THIRTEEN', null, 67710, 'NEW', '', '2021-11-08 22:19:13.965000', null),
       (435, '2021-11-08 22:19:13.981000', '', 'THIRTEEN', null, 67757, 'NEW', '', '2021-11-08 22:19:13.981000',
        '90133438'),
       (440, '2021-11-08 22:19:13.994000', '', 'THIRTEEN', null, 21005, 'NEW', '', '2021-11-08 22:19:13.994000', null),
       (445, '2021-11-08 22:19:14.002000', '', 'THIRTEEN', null, 57005, 'NEW', '', '2021-11-08 22:19:14.002000', null),
       (456, '2021-11-08 22:19:14.023000', '', 'THIRTEEN', null, 57004, 'NEW', '', '2021-11-08 22:19:14.023000',
        '115920472'),
       (460, '2021-11-08 22:19:14.034000', '', 'THIRTEEN', null, 57006, 'NEW', '', '2021-11-08 22:19:14.034000',
        '6211844K'),
       (463, '2021-11-08 22:19:14.048000', '', 'THIRTEEN', null, 67754, 'NEW', '', '2021-11-08 22:19:14.048000',
        '78306505'),
       (468, '2021-11-08 22:19:14.060000', '', 'THIRTEEN', null, 6942, 'NEW', '', '2021-11-08 22:19:14.060000',
        '94353025'),
       (472, '2021-11-08 22:19:14.074000', '', 'THIRTEEN', null, 21035, 'NEW', '', '2021-11-08 22:19:14.074000',
        '54137796'),
       (476, '2021-11-08 22:19:14.088000', '', 'THIRTEEN', null, 17999, 'NEW', '', '2021-11-08 22:19:14.088000',
        '110636962'),
       (481, '2021-11-08 22:19:14.101000', '', 'THIRTEEN', null, 6949, 'NEW', '', '2021-11-08 22:19:14.101000',
        '84191159'),
       (486, '2021-11-08 22:19:14.114000', '', 'THIRTEEN', null, 21091, 'NEW', '', '2021-11-08 22:19:14.114000',
        '77296093'),
       (490, '2021-11-08 22:19:14.122000', '', 'NINETEEN', null, 20682, 'NEW', '', '2021-11-08 22:19:14.122000', null),
       (496, '2021-11-08 22:19:14.134000', '', 'THIRTEEN', null, 14147, 'NEW', '', '2021-11-08 22:19:14.134000',
        '113242787'),
       (500, '2021-11-08 22:19:14.146000', '', 'THIRTEEN', null, 14143, 'NEW', '', '2021-11-08 22:19:14.146000',
        '102564529'),
       (504, '2021-11-08 22:19:14.162000', '', 'THIRTEEN', null, 5430, 'NEW', '', '2021-11-08 22:19:14.162000',
        '87234584'),
       (508, '2021-11-08 22:19:14.177000', '', 'NINETEEN', null, 6984, 'NEW', '', '2021-11-08 22:19:14.177000',
        '78774908'),
       (511, '2021-11-08 22:19:14.189000', '', 'THIRTEEN', null, 4811, 'NEW', '', '2021-11-08 22:19:14.189000',
        '135196711'),
       (514, '2021-11-08 22:19:14.201000', '', 'THIRTEEN', null, 16939, 'NEW', '', '2021-11-08 22:19:14.201000',
        '481753481'),
       (517, '2021-11-08 22:19:14.218000', '', 'THIRTEEN', null, 67752, 'NEW', '', '2021-11-08 22:19:14.218000',
        '82547126'),
       (522, '2021-11-08 22:19:14.237000', '', 'THIRTEEN', null, 20960, 'NEW', '', '2021-11-08 22:19:14.237000',
        '35427414'),
       (524, '2021-11-08 22:19:14.252000', '', 'THIRTEEN', null, 16935, 'NEW', '', '2021-11-08 22:19:14.252000',
        '59852787'),
       (527, '2021-11-08 22:19:14.265000', '', 'THIRTEEN', null, 21017, 'NEW', '', '2021-11-08 22:19:14.265000',
        '55160503'),
       (530, '2021-11-08 22:19:14.279000', '', 'THIRTEEN', null, 15677, 'NEW', '', '2021-11-08 22:19:14.279000',
        '49100795'),
       (534, '2021-11-08 22:19:14.296000', '', 'THIRTEEN', null, 4630, 'NEW', '', '2021-11-08 22:19:14.296000',
        '93347501'),
       (537, '2021-11-08 22:19:14.313000', '', 'THIRTEEN', null, 5435, 'NEW', '', '2021-11-08 22:19:14.313000',
        '6636920K'),
       (92, '2021-11-08 22:19:13.254000', '', 'THIRTEEN', null, 1853, 'NEW', '', '2021-11-08 22:19:13.254000',
        '36695765'),
       (97, '2021-11-08 22:19:13.270000', '', 'THIRTEEN', null, 21106, 'NEW', '', '2021-11-08 22:19:13.270000',
        '79296384'),
       (103, '2021-11-08 22:19:13.280000', '', 'THIRTEEN', null, 4631, 'NEW', '', '2021-11-08 22:19:13.280000',
        '115925547'),
       (109, '2021-11-08 22:19:13.299000', '', 'THIRTEEN', null, 61731, 'NEW', '', '2021-11-08 22:19:13.299000',
        '68888077'),
       (113, '2021-11-08 22:19:13.304000', '', 'THIRTEEN', null, 173592, 'NEW', '', '2021-11-08 22:19:13.304000', null),
       (119, '2021-11-08 22:19:13.319000', '', 'THIRTEEN', null, 57007, 'NEW', '', '2021-11-08 22:19:13.319000',
        '8657718'),
       (123, '2021-11-08 22:19:13.324000', '', 'THIRTEEN', null, 56999, 'NEW', '', '2021-11-08 22:19:13.324000', null),
       (125, '2021-11-08 22:19:13.328000', '', 'THIRTEEN', null, 56973, 'NEW', '', '2021-11-08 22:19:13.328000', null),
       (128, '2021-11-08 22:19:13.334000', '', 'THIRTEEN', null, 71082, 'NEW', '', '2021-11-08 22:19:13.334000', null),
       (134, '2021-11-08 22:19:13.350000', '', 'THIRTEEN', null, 107047, 'NEW', '', '2021-11-08 22:19:13.350000',
        '71429229'),
       (137, '2021-11-08 22:19:13.355000', '', 'THIRTEEN', null, 56998, 'NEW', '', '2021-11-08 22:19:13.355000', null),
       (140, '2021-11-08 22:19:13.363000', '', 'THIRTEEN', null, 16706, 'NEW', '', '2021-11-08 22:19:13.363000', null),
       (144, '2021-11-08 22:19:13.371000', '', 'THIRTEEN', null, 120173, 'NEW', '', '2021-11-08 22:19:13.371000', null),
       (151, '2021-11-08 22:19:13.380000', '', 'THIRTEEN', null, 8153, 'NEW', '', '2021-11-08 22:19:13.380000',
        '142810271'),
       (158, '2021-11-08 22:19:13.396000', '', 'THIRTEEN', null, 165248, 'NEW', '', '2021-11-08 22:19:13.396000',
        '143845885'),
       (162, '2021-11-08 22:19:13.405000', '', 'THIRTEEN', null, 22027912, 'NEW', '', '2021-11-08 22:19:13.405000',
        '51571592'),
       (170, '2021-11-08 22:19:13.425000', '', 'THIRTEEN', null, 67702, 'NEW', '', '2021-11-08 22:19:13.425000',
        '76650365'),
       (176, '2021-11-08 22:19:13.438000', '', 'THIRTEEN', null, 8102, 'NEW', '', '2021-11-08 22:19:13.438000',
        '106253102'),
       (183, '2021-11-08 22:19:13.453000', '', 'THIRTEEN', null, 57002, 'NEW', '', '2021-11-08 22:19:13.453000', null),
       (190, '2021-11-08 22:19:13.471000', '', 'THIRTEEN', null, 197046, 'NEW', '', '2021-11-08 22:19:13.471000',
        '77282378'),
       (195, '2021-11-08 22:19:13.479000', '', 'THIRTEEN', null, 1243, 'NEW', '', '2021-11-08 22:19:13.479000',
        '66896323'),
       (200, '2021-11-08 22:19:13.496000', '', 'THIRTEEN', null, 85273, 'NEW', '', '2021-11-08 22:19:13.496000',
        '90046691'),
       (208, '2021-11-08 22:19:13.508000', '', 'THIRTEEN', null, 2275, 'NEW', '', '2021-11-08 22:19:13.508000',
        '7233728K'),
       (212, '2021-11-08 22:19:13.521000', '', 'THIRTEEN', null, 9011, 'NEW', '', '2021-11-08 22:19:13.521000',
        '117039498'),
       (220, '2021-11-08 22:19:13.532000', '', 'THIRTEEN', null, 2903, 'NEW', '', '2021-11-08 22:19:13.532000',
        '66863107'),
       (227, '2021-11-08 22:19:13.546000', '', 'THIRTEEN', null, 71085, 'NEW', '', '2021-11-08 22:19:13.546000',
        '65659298'),
       (229, '2021-11-08 22:19:13.550000', '', 'THIRTEEN', null, 120253, 'NEW', '', '2021-11-08 22:19:13.550000', null),
       (233, '2021-11-08 22:19:13.556000', '', 'THIRTEEN', null, 164636, 'NEW', '', '2021-11-08 22:19:13.556000', null),
       (240, '2021-11-08 22:19:13.570000', '', 'THIRTEEN', null, 164632, 'NEW', '', '2021-11-08 22:19:13.570000',
        '138466779'),
       (246, '2021-11-08 22:19:13.581000', '', 'THIRTEEN', null, 16707, 'NEW', '', '2021-11-08 22:19:13.581000',
        '80173636'),
       (248, '2021-11-08 22:19:13.588000', '', 'THIRTEEN', null, 11331, 'NEW', '', '2021-11-08 22:19:13.588000', null),
       (255, '2021-11-08 22:19:13.599000', '', 'NINETEEN', null, 11687, 'NEW', '', '2021-11-08 22:19:13.599000',
        '101270009'),
       (266, '2021-11-08 22:19:13.623000', '', 'THIRTEEN', null, 21013, 'NEW', '', '2021-11-08 22:19:13.623000',
        '30221451'),
       (272, '2021-11-08 22:19:13.637000', '', 'THIRTEEN', null, 21057, 'NEW', '', '2021-11-08 22:19:13.637000',
        '74055222'),
       (280, '2021-11-08 22:19:13.658000', '', 'THIRTEEN', null, 21060, 'NEW', '', '2021-11-08 22:19:13.658000',
        '12130449K'),
       (284, '2021-11-08 22:19:13.666000', '', 'THIRTEEN', null, 3242, 'NEW', '', '2021-11-08 22:19:13.666000', null),
       (290, '2021-11-08 22:19:13.674000', '', 'THIRTEEN', null, 20938, 'NEW', '', '2021-11-08 22:19:13.674000',
        '70207176'),
       (296, '2021-11-08 22:19:13.690000', '', 'NINETEEN', null, 1719, 'NEW', '', '2021-11-08 22:19:13.690000',
        '70762838'),
       (303, '2021-11-08 22:19:13.698000', '', 'THIRTEEN', null, 10520, 'NEW', '', '2021-11-08 22:19:13.698000',
        '73212391'),
       (308, '2021-11-08 22:19:13.716000', '', 'THIRTEEN', null, 69189, 'NEW', '', '2021-11-08 22:19:13.716000',
        '48269699'),
       (311, '2021-11-08 22:19:13.720000', '', 'THIRTEEN', null, 1278, 'NEW', '', '2021-11-08 22:19:13.720000', null),
       (320, '2021-11-08 22:19:13.736000', '', 'THIRTEEN', null, 101964, 'NEW', '', '2021-11-08 22:19:13.736000',
        '72444957'),
       (325, '2021-11-08 22:19:13.746000', '', 'THIRTEEN', null, 101966, 'NEW', '', '2021-11-08 22:19:13.746000',
        '86960184'),
       (337, '2021-11-08 22:19:13.772000', '', 'THIRTEEN', null, 20991, 'NEW', '', '2021-11-08 22:19:13.772000',
        '91851873'),
       (342, '2021-11-08 22:19:13.786000', '', 'THIRTEEN', null, 14054, 'NEW', '', '2021-11-08 22:19:13.786000',
        '91851873'),
       (345, '2021-11-08 22:19:13.790000', '', 'THIRTEEN', null, 20176, 'NEW', '', '2021-11-08 22:19:13.790000', null),
       (348, '2021-11-08 22:19:13.794000', '', 'NINETEEN', null, 1649, 'NEW', '', '2021-11-08 22:19:13.794000', null),
       (351, '2021-11-08 22:19:13.800000', '', 'THIRTEEN', null, 101209, 'NEW', '', '2021-11-08 22:19:13.800000', null),
       (359, '2021-11-08 22:19:13.815000', '', 'THIRTEEN', null, 101208, 'NEW', '', '2021-11-08 22:19:13.815000',
        '96096275'),
       (365, '2021-11-08 22:19:13.825000', '', 'THIRTEEN', null, 6673, 'NEW', '', '2021-11-08 22:19:13.825000',
        '170349105'),
       (372, '2021-11-08 22:19:13.839000', '', 'THIRTEEN', null, 101205, 'NEW', '', '2021-11-08 22:19:13.839000',
        '82587004'),
       (377, '2021-11-08 22:19:13.849000', '', 'THIRTEEN', null, 6671, 'NEW', '', '2021-11-08 22:19:13.849000',
        '163204312'),
       (382, '2021-11-08 22:19:13.863000', '', 'THIRTEEN', null, 2802, 'NEW', '', '2021-11-08 22:19:13.863000',
        '6644399K'),
       (391, '2021-11-08 22:19:13.885000', '', 'THIRTEEN', null, 21015, 'NEW', '', '2021-11-08 22:19:13.885000',
        '40725938'),
       (397, '2021-11-08 22:19:13.893000', '', 'THIRTEEN', null, 30376, 'NEW', '', '2021-11-08 22:19:13.893000',
        '93097157'),
       (404, '2021-11-08 22:19:13.910000', '', 'NINETEEN', null, 85721, 'NEW', '', '2021-11-08 22:19:13.910000',
        '91072858'),
       (409, '2021-11-08 22:19:13.923000', '', 'THIRTEEN', null, 120163, 'NEW', '', '2021-11-08 22:19:13.923000',
        '61699309'),
       (412, '2021-11-08 22:19:13.930000', '', 'THIRTEEN', null, 70956, 'NEW', '', '2021-11-08 22:19:13.930000', null),
       (418, '2021-11-08 22:19:13.940000', '', 'THIRTEEN', null, 172021, 'NEW', '', '2021-11-08 22:19:13.940000',
        '152936494'),
       (425, '2021-11-08 22:19:13.957000', '', 'THIRTEEN', null, 70958, 'NEW', '', '2021-11-08 22:19:13.957000',
        '57260475'),
       (434, '2021-11-08 22:19:13.981000', '', 'THIRTEEN', null, 20976, 'NEW', '', '2021-11-08 22:19:13.981000',
        '68994926'),
       (442, '2021-11-08 22:19:13.998000', '', 'THIRTEEN', null, 20994, 'NEW', '', '2021-11-08 22:19:13.998000',
        '107083901'),
       (450, '2021-11-08 22:19:14.009000', '', 'THIRTEEN', null, 4746, 'NEW', '', '2021-11-08 22:19:14.009000',
        '57260475'),
       (454, '2021-11-08 22:19:14.023000', '', 'THIRTEEN', null, 10011, 'NEW', '', '2021-11-08 22:19:14.023000',
        '106877262'),
       (458, '2021-11-08 22:19:14.030000', '', 'THIRTEEN', null, 21058, 'NEW', '', '2021-11-08 22:19:14.030000', null),
       (462, '2021-11-08 22:19:14.040000', '', 'THIRTEEN', null, 10010, 'NEW', '', '2021-11-08 22:19:14.040000',
        '81041024'),
       (466, '2021-11-08 22:19:14.055000', '', 'THIRTEEN', null, 21092, 'NEW', '', '2021-11-08 22:19:14.055000', null),
       (467, '2021-11-08 22:19:14.060000', '', 'NINETEEN', null, 86039, 'NEW', '', '2021-11-08 22:19:14.060000', null),
       (471, '2021-11-08 22:19:14.074000', '', 'THIRTEEN', null, 11726, 'NEW', '', '2021-11-08 22:19:14.074000',
        '10442516K'),
       (477, '2021-11-08 22:19:14.088000', '', 'THIRTEEN', null, 2822, 'NEW', '', '2021-11-08 22:19:14.088000',
        '54087403'),
       (482, '2021-11-08 22:19:14.101000', '', 'THIRTEEN', null, 64489, 'NEW', '', '2021-11-08 22:19:14.101000',
        '68888034'),
       (488, '2021-11-08 22:19:14.115000', '', 'THIRTEEN', null, 12959, 'NEW', '', '2021-11-08 22:19:14.115000',
        '94598575'),
       (494, '2021-11-08 22:19:14.128000', '', 'THIRTEEN', null, 21034, 'NEW', '', '2021-11-08 22:19:14.128000',
        '57650672'),
       (497, '2021-11-08 22:19:14.142000', '', 'NINETEEN', null, 63178, 'NEW', '', '2021-11-08 22:19:14.142000',
        '62543221'),
       (502, '2021-11-08 22:19:14.155000', '', 'THIRTEEN', null, 21037, 'NEW', '', '2021-11-08 22:19:14.155000',
        '37911828'),
       (506, '2021-11-08 22:19:14.168000', '', 'THIRTEEN', null, 21020, 'NEW', '', '2021-11-08 22:19:14.168000',
        '89928826'),
       (509, '2021-11-08 22:19:14.183000', '', 'THIRTEEN', null, 21033, 'NEW', '', '2021-11-08 22:19:14.183000',
        '32232817'),
       (513, '2021-11-08 22:19:14.199000', '', 'THIRTEEN', null, 67760, 'NEW', '', '2021-11-08 22:19:14.199000',
        '73222958'),
       (518, '2021-11-08 22:19:14.218000', '', 'THIRTEEN', null, 3937, 'NEW', '', '2021-11-08 22:19:14.218000',
        '78793678'),
       (521, '2021-11-08 22:19:14.234000', '', 'THIRTEEN', null, 100695, 'NEW', '', '2021-11-08 22:19:14.234000',
        '37677183'),
       (523, '2021-11-08 22:19:14.247000', '', 'THIRTEEN', null, 21031, 'NEW', '', '2021-11-08 22:19:14.247000',
        '84832375'),
       (525, '2021-11-08 22:19:14.254000', '', 'THIRTEEN', null, 4854, 'NEW', '', '2021-11-08 22:19:14.254000', null),
       (528, '2021-11-08 22:19:14.270000', '', 'THIRTEEN', null, 12071, 'NEW', '', '2021-11-08 22:19:14.270000',
        '56838511'),
       (531, '2021-11-08 22:19:14.284000', '', 'THIRTEEN', null, 21093, 'NEW', '', '2021-11-08 22:19:14.284000',
        '37677183'),
       (535, '2021-11-08 22:19:14.300000', '', 'THIRTEEN', null, 21032, 'NEW', '', '2021-11-08 22:19:14.300000',
        '95508561'),
       (529, '2021-11-08 22:19:14.274000', '', 'THIRTEEN', null, 20933, 'NEW', '', '2021-11-08 22:19:14.274000',
        '38455842'),
       (532, '2021-11-08 22:19:14.288000', '', 'THIRTEEN', null, 20935, 'NEW', '', '2021-11-08 22:19:14.288000',
        '38455842'),
       (533, '2021-11-08 22:19:14.295000', '', 'NINETEEN', null, 16065, 'NEW', '', '2021-11-08 22:19:14.295000', null),
       (536, '2021-11-08 22:19:14.309000', '', 'THIRTEEN', null, 4196, 'NEW', '', '2021-11-08 22:19:14.309000',
        '737419002'),
       (538, '2021-11-08 22:19:14.330000', '', 'THIRTEEN', null, 20940, 'NEW', '', '2021-11-08 22:19:14.330000',
        '121480468'),
       (17, '2021-11-08 22:19:13.080000', '', 'THIRTEEN', null, 10700, 'NEW', '', '2021-12-01 10:00:39.413000',
        '67024427'),
       (65, '2021-11-08 22:19:13.191000', '', 'THIRTEEN', null, 16483, 'NEW', '', '2021-12-01 10:00:39.416000',
        '67024427'),
       (544, '2021-12-29 10:14:51.482000', 'asdsad', 'NINETEEN', 'Las Animas', 6767, 'NEW', 'Apache',
        '2021-12-29 10:14:51.482000', null),
       (393, '2021-11-08 22:19:13.889000', '', 'THIRTEEN', 'Oeste', 22821, 'NEW', 'Phillips',
        '2021-12-29 10:34:14.821000', '6804684K');